ticker,year
C5706,2024.0
C1577,2022.0
C5016,2016.0
C2817,2019.0
C2287,2015.0
C1162,2022.0
C2165,2019.0
C1338,2024.0
C4762,2016.0
C4681,2021.0
C1343,2023.0
C2055,2023.0
C5924,2019.0
C1517,2015.0
C3472,2015.0
C3472,2015.0
C3472,2015.0
C3472,2015.0
C3472,2015.0
C3472,2015.0
C3040,2016.0
C3040,2016.0
C3040,2016.0
C3040,2016.0
C2964,2020.0
C2211,2018.0
C2211,2018.0
C2211,2018.0
C2211,2018.0
C2211,2018.0
C2211,2018.0
C2211,2018.0
C5371,2021.0
C4051,2018.0
C4354,2018.0
C3918,2022.0
C3918,2022.0
C3918,2022.0
C4800,2018.0
C3507,2024.0
C3542,2018.0
C3542,2018.0
C3542,2018.0
C2519,2023.0
C2805,2020.0
C2805,2020.0
C2805,2020.0
C2805,2020.0
C2805,2020.0
C2185,2022.0
C2192,2024.0
C2192,2024.0
C2192,2024.0
C2192,2024.0
C4606,2016.0
C3412,2019.0
C2290,2022.0
C5419,2019.0
C5419,2019.0
C5419,2019.0
C3285,2021.0
C3285,2021.0
C3285,2021.0
C3285,2021.0
C3285,2021.0
C1023,2019.0
C1117,2017.0
C1054,2021.0
C1054,2021.0
C1054,2021.0
C1054,2021.0
C1054,2021.0
C3776,2022.0
C3776,2022.0
C3776,2022.0
C3776,2022.0
C2626,2015.0
C2626,2015.0
C2626,2015.0
C2626,2015.0
C5631,2015.0
C5251,2023.0
C5251,2023.0
C5251,2023.0
C5251,2023.0
C5251,2023.0
C5251,2023.0
C5251,2023.0
C4059,2023.0
C4059,2023.0
C4059,2023.0
C4059,2023.0
C4059,2023.0
C4059,2023.0
C1974,2016.0
C4773,2022.0
C5862,2018.0
C1240,2020.0
C1240,2020.0
C1240,2020.0
C1240,2020.0
C3114,2017.0
C3114,2017.0
C3114,2017.0
C3114,2017.0
C3547,2015.0
C3547,2015.0
C3547,2015.0
C3547,2015.0
C3547,2015.0
C2191,2020.0
C2191,2020.0
C2191,2020.0
C2191,2020.0
C2191,2020.0
C2191,2020.0
C2191,2020.0
C3689,2021.0
C4028,2017.0
C4028,2017.0
C4028,2017.0
C4028,2017.0
C4028,2017.0
C5117,2016.0
C5117,2016.0
C5117,2016.0
C5117,2016.0
C5117,2016.0
C5117,2016.0
C5117,2016.0
C1173,2016.0
C1342,2023.0
C2406,2024.0
C2718,2021.0
C2718,2021.0
C2620,2020.0
C2774,2022.0
C2934,2024.0
C2399,2015.0
C3492,2020.0
C1353,2020.0
C1353,2020.0
C1353,2020.0
C1394,2018.0
C1394,2018.0
C1394,2018.0
C1394,2018.0
C1394,2018.0
C1394,2018.0
C1394,2018.0
C1394,2018.0
C1394,2018.0
C1394,2018.0
C1394,2018.0
C4541,2022.0
C2040,2024.0
C2787,2021.0
C2787,2021.0
C2787,2021.0
C2787,2021.0
C2787,2021.0
C5595,2018.0
C4838,2024.0
C4838,2024.0
C4838,2024.0
C4838,2024.0
C2423,2023.0
C2423,2023.0
C2423,2023.0
C2423,2023.0
C2423,2023.0
C2423,2023.0
C5859,2022.0
C5889,2024.0
C1751,2024.0
C3656,2022.0
C1020,2019.0
C1383,2018.0
C3172,2016.0
C3373,2015.0
C5679,2022.0
C4091,2020.0
C4091,2020.0
C4091,2020.0
C3153,2015.0
C3153,2015.0
C5068,2024.0
C5068,2024.0
C5068,2024.0
C5068,2024.0
C5068,2024.0
C5068,2024.0
C3156,2024.0
C3732,2015.0
C3732,2015.0
C3732,2015.0
C2277,2017.0
C4288,2020.0
C1821,2022.0
C2232,2020.0
C2232,2020.0
C2232,2020.0
C2232,2020.0
C2232,2020.0
C2232,2020.0
C2003,2019.0
C2003,2019.0
C2003,2019.0
C2003,2019.0
C2980,2015.0
C2980,2015.0
C2980,2015.0
C2980,2015.0
C2980,2015.0
C2980,2015.0
C2980,2015.0
C2124,2018.0
C2608,2024.0
C3003,2022.0
C3868,2017.0
C1103,2017.0
C1103,2017.0
C1103,2017.0
C1103,2017.0
C1103,2017.0
C1103,2017.0
C1103,2017.0
C1103,2017.0
C1103,2017.0
C4658,2018.0
C4225,2018.0
C4225,2018.0
C4379,2024.0
C5197,2017.0
C1960,2023.0
C3813,2016.0
C5196,2020.0
C3696,2019.0
C3696,2019.0
C3696,2019.0
C3696,2019.0
C5765,2020.0
C1612,2024.0
C3919,2015.0
C5902,2022.0
C1228,2021.0
C1228,2021.0
C1228,2021.0
C1228,2021.0
C1228,2021.0
C2524,2022.0
C1285,2018.0
C5015,2020.0
C4415,2019.0
C4415,2019.0
C4415,2019.0
C4415,2019.0
C4090,2017.0
C5989,2020.0
C4349,2021.0
C4349,2021.0
C4349,2021.0
C4349,2021.0
C1534,2015.0
C4999,2019.0
C2439,2024.0
C1305,2024.0
C2667,2015.0
C4030,2016.0
C4635,2017.0
C4635,2017.0
C2689,2019.0
C3264,2016.0
C4055,2016.0
C4055,2016.0
C4055,2016.0
C4055,2016.0
C4055,2016.0
C5966,2018.0
C1031,2024.0
C1031,2024.0
C1031,2024.0
C1031,2024.0
C1031,2024.0
C1031,2024.0
C3972,2020.0
C3699,2017.0
C3699,2017.0
C3699,2017.0
C5733,2024.0
C5733,2024.0
C5733,2024.0
C5733,2024.0
C3639,2015.0
C3314,2024.0
C3930,2019.0
C3930,2019.0
C3930,2019.0
C3930,2019.0
C3930,2019.0
C3930,2019.0
C3930,2019.0
C5553,2018.0
C5553,2018.0
C4236,2022.0
C4236,2022.0
C4236,2022.0
C4236,2022.0
C4907,2024.0
C4907,2024.0
C4907,2024.0
C4907,2024.0
C3925,2024.0
C2467,2021.0
C3078,2020.0
C3078,2020.0
C3078,2020.0
C3078,2020.0
C3078,2020.0
C5975,2023.0
C5975,2023.0
C4953,2021.0
C4953,2021.0
C4953,2021.0
C4953,2021.0
C4953,2021.0
C4953,2021.0
C4953,2021.0
C3545,2016.0
C3545,2016.0
C1957,2019.0
C1957,2019.0
C1957,2019.0
C1957,2019.0
C1957,2019.0
C1957,2019.0
C2072,2023.0
C2072,2023.0
C2072,2023.0
C2072,2023.0
C2072,2023.0
C2072,2023.0
C2072,2023.0
C2072,2023.0
C2072,2023.0
C2072,2023.0
C2072,2023.0
C3612,2015.0
C3268,2018.0
C3268,2018.0
C3268,2018.0
C4504,2022.0
C2752,2016.0
C1284,2019.0
C3952,2021.0
C3952,2021.0
C3952,2021.0
C3952,2021.0
C3952,2021.0
C3952,2021.0
C3952,2021.0
C4013,2023.0
C4013,2023.0
C2540,2019.0
C2540,2019.0
C2540,2019.0
C2540,2019.0
C2540,2019.0
C2540,2019.0
C2540,2019.0
C2540,2019.0
C2058,2022.0
C1623,2020.0
C2359,2022.0
C2252,2023.0
C4705,2020.0
C4705,2020.0
C4705,2020.0
C4705,2020.0
C4705,2020.0
C3303,2021.0
C1622,2021.0
C4915,2016.0
C4915,2016.0
C4915,2016.0
C4915,2016.0
C2756,2024.0
C1282,2015.0
C2147,2018.0
C2410,2024.0
C4742,2020.0
C2953,2017.0
C2953,2017.0
C2953,2017.0
C3290,2022.0
C2018,2023.0
C2018,2023.0
C2018,2023.0
C2018,2023.0
C2018,2023.0
C4017,2016.0
C4467,2019.0
C1223,2023.0
C1223,2023.0
C1223,2023.0
C1223,2023.0
C1223,2023.0
C3061,2023.0
C1818,2022.0
C1818,2022.0
C1818,2022.0
C1818,2022.0
C1818,2022.0
C1818,2022.0
C4515,2018.0
C4515,2018.0
C4515,2018.0
C4515,2018.0
C4515,2018.0
C2576,2021.0
C4784,2017.0
C2121,2016.0
C2121,2016.0
C2121,2016.0
C2121,2016.0
C2148,2016.0
C4892,2016.0
C2134,2017.0
C3522,2024.0
C1403,2021.0
C1403,2021.0
C1403,2021.0
C1403,2021.0
C5444,2021.0
C1767,2024.0
C1767,2024.0
C1767,2024.0
C1767,2024.0
C1767,2024.0
C1767,2024.0
C2187,2016.0
C5214,2017.0
C5341,2023.0
C3624,2023.0
C3624,2023.0
C5455,2022.0
C5455,2022.0
C5455,2022.0
C5455,2022.0
C5455,2022.0
C5455,2022.0
C5455,2022.0
C3694,2024.0
C3694,2024.0
C1843,2024.0
C5897,2015.0
C3076,2020.0
C2059,2020.0
C2373,2024.0
C2373,2024.0
C2373,2024.0
C2373,2024.0
C5380,2016.0
C5380,2016.0
C5380,2016.0
C5380,2016.0
C5380,2016.0
C5380,2016.0
C2506,2024.0
C2506,2024.0
C2506,2024.0
C2506,2024.0
C2506,2024.0
C2996,2021.0
C3789,2017.0
C5726,2022.0
C5726,2022.0
C5726,2022.0
C5726,2022.0
C4119,2015.0
C3786,2024.0
C5085,2021.0
C5085,2021.0
C5085,2021.0
C5085,2021.0
C3506,2024.0
C3506,2024.0
C3506,2024.0
C3506,2024.0
C3506,2024.0
C3506,2024.0
C3506,2024.0
C3695,2022.0
C2733,2016.0
C2733,2016.0
C2733,2016.0
C2733,2016.0
C2733,2016.0
C2733,2016.0
C2453,2024.0
C5644,2016.0
C5644,2016.0
C5644,2016.0
C1888,2015.0
C2292,2023.0
C2292,2023.0
C2292,2023.0
C2292,2023.0
C2957,2019.0
C2587,2023.0
C2587,2023.0
C2587,2023.0
C2587,2023.0
C2587,2023.0
C1479,2024.0
C2773,2018.0
C2773,2018.0
C2773,2018.0
C2773,2018.0
C2597,2019.0
C4188,2022.0
C5786,2016.0
C5927,2016.0
C5927,2016.0
C2622,2023.0
C2622,2023.0
C2622,2023.0
C2622,2023.0
C2622,2023.0
C4403,2020.0
C5579,2024.0
C5579,2024.0
C5579,2024.0
C4936,2021.0
C3711,2023.0
C1911,2015.0
C1339,2021.0
C3360,2022.0
C5486,2017.0
C5486,2017.0
C3209,2021.0
C1924,2018.0
C1924,2018.0
C1924,2018.0
C1924,2018.0
C1924,2018.0
C1924,2018.0
C1924,2018.0
C1924,2018.0
C5633,2024.0
C2520,2024.0
C2520,2024.0
C2520,2024.0
C4454,2019.0
C4454,2019.0
C4454,2019.0
C4454,2019.0
C4454,2019.0
C4454,2019.0
C1979,2017.0
C2542,2016.0
C1671,2015.0
C1671,2015.0
C1671,2015.0
C1758,2015.0
C1892,2019.0
C4332,2020.0
C4332,2020.0
C4332,2020.0
C4332,2020.0
C4332,2020.0
C4332,2020.0
C4332,2020.0
C4332,2020.0
C1420,2016.0
C1420,2016.0
C1420,2016.0
C1420,2016.0
C1420,2016.0
C4088,2024.0
C1580,2019.0
C2246,2017.0
C4112,2022.0
C2526,2019.0
C4310,2024.0
C4310,2024.0
C4310,2024.0
C4310,2024.0
C4310,2024.0
C3119,2015.0
C3119,2015.0
C3119,2015.0
C3119,2015.0
C2098,2017.0
C5436,2021.0
C3198,2015.0
C2571,2022.0
C1576,2024.0
C1214,2017.0
C5308,2019.0
C3605,2020.0
C2564,2015.0
C3906,2022.0
C1460,2018.0
C1460,2018.0
C1460,2018.0
C1460,2018.0
C1633,2021.0
C3008,2020.0
C2067,2023.0
C2159,2020.0
C3842,2024.0
C3588,2024.0
C5865,2016.0
C5758,2018.0
C3708,2016.0
C3708,2016.0
C3708,2016.0
C3708,2016.0
C2558,2021.0
C4693,2015.0
C2352,2016.0
C2352,2016.0
C5081,2015.0
C1875,2019.0
C5286,2020.0
C5286,2020.0
C5286,2020.0
C5286,2020.0
C5286,2020.0
C3258,2017.0
C4524,2021.0
C4524,2021.0
C3052,2024.0
C3052,2024.0
C3052,2024.0
C3052,2024.0
C3052,2024.0
C3052,2024.0
C5258,2016.0
C5560,2015.0
C2473,2023.0
C3026,2021.0
C5307,2018.0
C5307,2018.0
C5307,2018.0
C5307,2018.0
C5307,2018.0
C5307,2018.0
C1254,2021.0
C1759,2015.0
C1417,2016.0
C2548,2021.0
C2543,2021.0
C4140,2022.0
C2744,2023.0
C2772,2019.0
C2573,2022.0
C5201,2015.0
C5201,2015.0
C5201,2015.0
C5201,2015.0
C5201,2015.0
C5201,2015.0
C3897,2020.0
C2235,2023.0
C2556,2020.0
C4346,2018.0
C4346,2018.0
C5181,2021.0
C2707,2022.0
C1076,2017.0
C1076,2017.0
C1076,2017.0
C3514,2021.0
C3514,2021.0
C3514,2021.0
C3514,2021.0
C3514,2021.0
C2988,2024.0
C1078,2015.0
C3644,2017.0
C4314,2019.0
C4314,2019.0
C4314,2019.0
C4628,2017.0
C4628,2017.0
C2885,2023.0
C3748,2021.0
C3748,2021.0
C3748,2021.0
C3748,2021.0
C2930,2017.0
C4463,2016.0
C1856,2020.0
C4955,2020.0
C1088,2021.0
C1088,2021.0
C1088,2021.0
C1088,2021.0
C1574,2015.0
C1574,2015.0
C1574,2015.0
C1574,2015.0
C1574,2015.0
C4649,2019.0
C4649,2019.0
C4649,2019.0
C4649,2019.0
C2997,2018.0
C2997,2018.0
C2997,2018.0
C2997,2018.0
C2997,2018.0
C2997,2018.0
C1268,2022.0
C2177,2017.0
C3585,2020.0
C3640,2016.0
C2899,2016.0
C5857,2022.0
C5857,2022.0
C5857,2022.0
C5735,2022.0
C5735,2022.0
C5735,2022.0
C5735,2022.0
C5735,2022.0
C5735,2022.0
C1668,2015.0
C5713,2017.0
C5713,2017.0
C5740,2023.0
C4648,2023.0
C5592,2018.0
C2400,2023.0
C4179,2024.0
C3074,2015.0
C3074,2015.0
C3074,2015.0
C2858,2017.0
C2200,2019.0
C2200,2019.0
C2200,2019.0
C4510,2023.0
C2547,2024.0
C2984,2020.0
C2984,2020.0
C2984,2020.0
C2984,2020.0
C2984,2020.0
C2984,2020.0
C1894,2022.0
C1894,2022.0
C1894,2022.0
C1894,2022.0
C3794,2017.0
C3794,2017.0
C3794,2017.0
C3794,2017.0
C3794,2017.0
C3794,2017.0
C2261,2015.0
C2261,2015.0
C2261,2015.0
C2261,2015.0
C3717,2024.0
C5990,2021.0
C5200,2018.0
C5200,2018.0
C2291,2017.0
C2291,2017.0
C2291,2017.0
C3474,2020.0
C4763,2018.0
C5377,2024.0
C5377,2024.0
C5427,2020.0
C2361,2023.0
C3940,2018.0
C3447,2016.0
C3772,2016.0
C3225,2023.0
C1293,2024.0
C1293,2024.0
C1293,2024.0
C1293,2024.0
C1293,2024.0
C1386,2021.0
C4676,2021.0
C1277,2020.0
C3391,2022.0
C4674,2024.0
C1646,2018.0
C5936,2019.0
C5936,2019.0
C5936,2019.0
C5936,2019.0
C3560,2017.0
C1900,2019.0
C3782,2024.0
C5217,2024.0
C5217,2024.0
C2180,2021.0
C4405,2018.0
C2955,2023.0
C4802,2024.0
C4802,2024.0
C4802,2024.0
C4802,2024.0
C4802,2024.0
C4802,2024.0
C3651,2015.0
C3651,2015.0
C3651,2015.0
C3651,2015.0
C3651,2015.0
C1348,2021.0
C1902,2018.0
C3629,2020.0
C3883,2017.0
C5879,2016.0
C1533,2020.0
C3229,2016.0
C2759,2024.0
C2836,2019.0
C2836,2019.0
C2872,2017.0
C2872,2017.0
C2872,2017.0
C1164,2019.0
C2233,2016.0
C2433,2022.0
C5058,2019.0
C2015,2016.0
C5186,2018.0
C5186,2018.0
C5186,2018.0
C5186,2018.0
C4367,2018.0
C4367,2018.0
C4367,2018.0
C4367,2018.0
C4367,2018.0
C3499,2021.0
C1980,2021.0
C1980,2021.0
C3023,2023.0
C5850,2015.0
C2801,2019.0
C3723,2018.0
C5383,2019.0
C4740,2017.0
C5109,2020.0
C2749,2017.0
C3976,2021.0
C3976,2021.0
C3976,2021.0
C3976,2021.0
C3976,2021.0
C3976,2021.0
C3976,2021.0
C2625,2016.0
C3928,2023.0
C2582,2021.0
C3450,2024.0
C3450,2024.0
C3450,2024.0
C3450,2024.0
C4007,2021.0
C5098,2016.0
C5098,2016.0
C5098,2016.0
C5098,2016.0
C1776,2021.0
C2437,2015.0
C1893,2017.0
C4555,2016.0
C2601,2022.0
C5752,2020.0
C1421,2023.0
C1421,2023.0
C1421,2023.0
C1421,2023.0
C3425,2015.0
C4601,2020.0
C3363,2019.0
C3363,2019.0
C3363,2019.0
C3363,2019.0
C4436,2024.0
C2469,2018.0
C1408,2018.0
C1810,2023.0
C1508,2016.0
C4325,2020.0
C1358,2019.0
C2401,2017.0
C2401,2017.0
C2401,2017.0
C2401,2017.0
C2401,2017.0
C5716,2015.0
C5801,2017.0
C4019,2023.0
C4019,2023.0
C4019,2023.0
C3368,2022.0
C5988,2023.0
C5392,2021.0
C5028,2022.0
C5057,2016.0
C5881,2019.0
C1157,2019.0
C5302,2021.0
C1021,2024.0
C5548,2024.0
C5548,2024.0
C5548,2024.0
C5548,2024.0
C5461,2017.0
C5461,2017.0
C5461,2017.0
C5461,2017.0
C3602,2015.0
C5460,2020.0
C5460,2020.0
C5460,2020.0
C5460,2020.0
C1985,2016.0
C3967,2021.0
C4709,2021.0
C2179,2024.0
C2179,2024.0
C2179,2024.0
C2179,2024.0
C5151,2022.0
C3508,2019.0
C4747,2019.0
C5649,2017.0
C1221,2015.0
C1221,2015.0
C1221,2015.0
C1647,2016.0
C4806,2018.0
C4806,2018.0
C4806,2018.0
C2386,2020.0
C3188,2016.0
C3188,2016.0
C3188,2016.0
C3188,2016.0
C3188,2016.0
C3188,2016.0
C4666,2022.0
C1498,2023.0
C2942,2020.0
C3159,2018.0
C5255,2015.0
C2293,2019.0
C3289,2015.0
C3593,2020.0
C2000,2019.0
C1108,2023.0
C5166,2022.0
C5166,2022.0
C5166,2022.0
C5166,2022.0
C2021,2018.0
C5939,2020.0
C5939,2020.0
C5939,2020.0
C5939,2020.0
C5939,2020.0
C1631,2019.0
C1631,2019.0
C1631,2019.0
C1631,2019.0
C1803,2018.0
C4622,2023.0
C4622,2023.0
C4622,2023.0
C1956,2022.0
C1744,2022.0
C1095,2018.0
C4437,2019.0
C2649,2020.0
C3784,2023.0
C3186,2024.0
C2987,2016.0
C4713,2018.0
C3120,2016.0
C5391,2019.0
C5391,2019.0
C5391,2019.0
C5391,2019.0
C5391,2019.0
C5391,2019.0
C5391,2019.0
C5391,2019.0
C4235,2020.0
C4235,2020.0
C4235,2020.0
C4235,2020.0
C4235,2020.0
C4235,2020.0
C4235,2020.0
C1056,2022.0
C3975,2019.0
C5559,2022.0
C5559,2022.0
C5559,2022.0
C4190,2023.0
C2728,2018.0
C4661,2015.0
C5291,2017.0
C4631,2020.0
C3276,2020.0
C3822,2019.0
C3822,2019.0
C3822,2019.0
C3822,2019.0
C5219,2017.0
C3012,2024.0
C2683,2018.0
C5547,2022.0
C4855,2021.0
C1920,2018.0
C2478,2020.0
C1035,2022.0
C3021,2022.0
C3021,2022.0
C3021,2022.0
C3021,2022.0
C3021,2022.0
C3021,2022.0
C3021,2022.0
C1065,2021.0
C1065,2021.0
C1065,2021.0
C1065,2021.0
C2023,2022.0
C2512,2022.0
C1081,2015.0
C5616,2018.0
C5781,2021.0
C5781,2021.0
C5781,2021.0
C5781,2021.0
C3963,2016.0
C3963,2016.0
C3963,2016.0
C3963,2016.0
C3963,2016.0
C5159,2018.0
C2629,2016.0
C5043,2020.0
C5043,2020.0
C3819,2019.0
C2234,2018.0
C2234,2018.0
C2234,2018.0
C2234,2018.0
C2183,2023.0
C4776,2020.0
C4776,2020.0
C4303,2016.0
C1483,2022.0
C5301,2021.0
C3538,2017.0
C1154,2019.0
C4253,2017.0
C4253,2017.0
C4253,2017.0
C2849,2024.0
C4929,2019.0
C1389,2019.0
C1389,2019.0
C1019,2023.0
C5848,2024.0
C5848,2024.0
C1745,2024.0
C4397,2020.0
C2789,2020.0
C4382,2019.0
C4382,2019.0
C4382,2019.0
C4361,2017.0
C4361,2017.0
C4361,2017.0
C1283,2024.0
C1283,2024.0
C1283,2024.0
C3889,2021.0
C3889,2021.0
C3889,2021.0
C3889,2021.0
C2612,2018.0
C3977,2016.0
C5639,2022.0
C5639,2022.0
C5639,2022.0
C5639,2022.0
C3302,2021.0
C3302,2021.0
C3302,2021.0
C3302,2021.0
C3302,2021.0
C3224,2019.0
C4498,2017.0
C2664,2022.0
C2664,2022.0
C2337,2021.0
C2337,2021.0
C4003,2023.0
C4176,2022.0
C3658,2021.0
C3658,2021.0
C3658,2021.0
C3658,2021.0
C3658,2021.0
C3658,2021.0
C2392,2021.0
C5077,2016.0
C5077,2016.0
C2108,2017.0
C3721,2021.0
C3721,2021.0
C3721,2021.0
C3721,2021.0
C3709,2018.0
C4187,2021.0
C4187,2021.0
C4187,2021.0
C4187,2021.0
C3744,2016.0
C5569,2023.0
C5569,2023.0
C5569,2023.0
C5569,2023.0
C5569,2023.0
C4799,2016.0
C4799,2016.0
C4799,2016.0
C4799,2016.0
C4799,2016.0
C4799,2016.0
C4799,2016.0
C3460,2015.0
C4052,2020.0
C4905,2015.0
C4905,2015.0
C4905,2015.0
C3218,2020.0
C1380,2021.0
C4962,2018.0
C4962,2018.0
C4962,2018.0
C2343,2019.0
C2343,2019.0
C2343,2019.0
C2343,2019.0
C2343,2019.0
C2343,2019.0
C3628,2015.0
C5516,2016.0
C5516,2016.0
C5516,2016.0
C5516,2016.0
C4343,2023.0
C1397,2023.0
C5906,2022.0
C1593,2019.0
C3768,2022.0
C4165,2016.0
C4165,2016.0
C4165,2016.0
C4102,2020.0
C4102,2020.0
C2051,2022.0
C2051,2022.0
C2051,2022.0
C2051,2022.0
C2051,2022.0
C4158,2015.0
C2472,2016.0
C5369,2016.0
C5369,2016.0
C5369,2016.0
C5369,2016.0
C5369,2016.0
C5369,2016.0
C3414,2017.0
C5283,2021.0
C5283,2021.0
C5283,2021.0
C5283,2021.0
C1067,2023.0
C4326,2018.0
C3657,2018.0
C3657,2018.0
C3657,2018.0
C3657,2018.0
C3657,2018.0
C2979,2020.0
C4691,2024.0
C1191,2022.0
C5873,2015.0
C1823,2015.0
C3117,2021.0
C1560,2020.0
C2486,2016.0
C2486,2016.0
C2486,2016.0
C2486,2016.0
C3950,2016.0
C3950,2016.0
C3950,2016.0
C3950,2016.0
C3950,2016.0
C3950,2016.0
C1193,2016.0
C4877,2022.0
C2781,2016.0
C1898,2021.0
C5544,2022.0
C3847,2015.0
C4184,2020.0
C4938,2018.0
C4938,2018.0
C4938,2018.0
C3725,2020.0
C5885,2017.0
C3647,2024.0
C2590,2019.0
C2590,2019.0
C2590,2019.0
C2590,2019.0
C2590,2019.0
C2786,2017.0
C2786,2017.0
C2786,2017.0
C2786,2017.0
C1267,2022.0
C1267,2022.0
C1267,2022.0
C1267,2022.0
C1267,2022.0
C4514,2015.0
C5330,2015.0
C2695,2023.0
C2695,2023.0
C3237,2022.0
C3237,2022.0
C3237,2022.0
C3237,2022.0
C3237,2022.0
C3237,2022.0
C3237,2022.0
C3237,2022.0
C5648,2015.0
C5648,2015.0
C5648,2015.0
C5648,2015.0
C5648,2015.0
C5964,2024.0
C2335,2020.0
C2335,2020.0
C2335,2020.0
C2335,2020.0
C2335,2020.0
C2880,2020.0
C4923,2015.0
C2643,2019.0
C2101,2017.0
C5565,2020.0
C5105,2015.0
C5399,2024.0
C2317,2021.0
C5538,2015.0
C5472,2020.0
C5472,2020.0
C2105,2018.0
C4036,2020.0
C5111,2024.0
C3394,2017.0
C2696,2017.0
C2696,2017.0
C2696,2017.0
C4126,2015.0
C4625,2018.0
C4625,2018.0
C4625,2018.0
C1147,2019.0
C4063,2015.0
C4793,2022.0
C1436,2015.0
C4261,2018.0
C4261,2018.0
C4261,2018.0
C4261,2018.0
C4261,2018.0
C3431,2019.0
C3431,2019.0
C3431,2019.0
C3431,2019.0
C4821,2017.0
C3530,2016.0
C3530,2016.0
C3530,2016.0
C3530,2016.0
C3530,2016.0
C3530,2016.0
C3530,2016.0
C3530,2016.0
C4577,2023.0
C5676,2023.0
C2435,2016.0
C2144,2018.0
C2144,2018.0
C2144,2018.0
C4941,2021.0
C4941,2021.0
C4941,2021.0
C4941,2021.0
C4941,2021.0
C4941,2021.0
C1660,2020.0
C2082,2016.0
C2735,2022.0
C2735,2022.0
C2735,2022.0
C2471,2016.0
C2471,2016.0
C2471,2016.0
C2471,2016.0
C2471,2016.0
C2289,2019.0
C5948,2017.0
C1614,2019.0
C5981,2018.0
C2398,2023.0
C2314,2022.0
C5038,2021.0
C4401,2017.0
C5876,2020.0
C5876,2020.0
C5876,2020.0
C2109,2024.0
C3051,2018.0
C3051,2018.0
C3051,2018.0
C1916,2023.0
C1163,2019.0
C3852,2016.0
C3852,2016.0
C3852,2016.0
C3852,2016.0
C3852,2016.0
C1521,2015.0
C1521,2015.0
C1521,2015.0
C1521,2015.0
C1521,2015.0
C3154,2021.0
C5046,2017.0
C4065,2020.0
C4065,2020.0
C3501,2018.0
C1858,2020.0
C1858,2020.0
C1858,2020.0
C1858,2020.0
C1858,2020.0
C3479,2017.0
C3945,2020.0
C2263,2022.0
C2405,2024.0
C5916,2019.0
C3422,2015.0
C3422,2015.0
C3422,2015.0
C3422,2015.0
C4315,2021.0
C2119,2021.0
C2119,2021.0
C2119,2021.0
C2119,2021.0
C2119,2021.0
C2119,2021.0
C2160,2018.0
C3010,2016.0
C4297,2021.0
C5650,2023.0
C4731,2024.0
C4731,2024.0
C4731,2024.0
C4731,2024.0
C4731,2024.0
C5958,2017.0
C5261,2019.0
C2103,2021.0
C2103,2021.0
C2103,2021.0
C2103,2021.0
C2103,2021.0
C2346,2019.0
C5564,2018.0
C3038,2016.0
C3038,2016.0
C3038,2016.0
C3038,2016.0
C3038,2016.0
C3038,2016.0
C3622,2020.0
C4039,2021.0
C2812,2022.0
C3674,2023.0
C3674,2023.0
C3674,2023.0
C3674,2023.0
C3487,2024.0
C3487,2024.0
C3487,2024.0
C3487,2024.0
C2115,2018.0
C2115,2018.0
C2115,2018.0
C2115,2018.0
C5769,2022.0
C2663,2019.0
C5263,2019.0
C5295,2022.0
C5720,2019.0
C4331,2019.0
C4331,2019.0
C4331,2019.0
C2538,2019.0
C2538,2019.0
C2538,2019.0
C2538,2019.0
C2538,2019.0
C2538,2019.0
C1495,2018.0
C1495,2018.0
C1495,2018.0
C1495,2018.0
C1495,2018.0
C1495,2018.0
C1736,2016.0
C3265,2015.0
C2905,2015.0
C4543,2023.0
C4543,2023.0
C5615,2020.0
C1644,2024.0
C3216,2015.0
C3353,2024.0
C2199,2023.0
C2705,2021.0
C2517,2022.0
C5479,2019.0
C4626,2016.0
C3641,2020.0
C2780,2024.0
C4704,2016.0
C4704,2016.0
C4704,2016.0
C3914,2021.0
C5216,2024.0
C1477,2016.0
C5539,2018.0
C5539,2018.0
C5539,2018.0
C5539,2018.0
C5539,2018.0
C3566,2017.0
C2613,2021.0
C4208,2017.0
C4208,2017.0
C4208,2017.0
C4208,2017.0
C4208,2017.0
C4208,2017.0
C2093,2018.0
C1029,2016.0
C1996,2020.0
C4131,2016.0
C5783,2020.0
C5327,2015.0
C3577,2018.0
C3577,2018.0
C1926,2023.0
C5324,2022.0
C5324,2022.0
C5324,2022.0
C5324,2022.0
C5324,2022.0
C5324,2022.0
C5324,2022.0
C5967,2016.0
C4775,2022.0
C4213,2020.0
C1822,2020.0
C1587,2016.0
C2111,2016.0
C4925,2016.0
C1415,2018.0
C1215,2023.0
C1215,2023.0
C1215,2023.0
C4559,2023.0
C3348,2017.0
C3348,2017.0
C1236,2022.0
C1318,2019.0
C3670,2015.0
C1704,2021.0
C2438,2015.0
C2438,2015.0
C2438,2015.0
C2438,2015.0
C2438,2015.0
C2438,2015.0
C3407,2015.0
C3407,2015.0
C3407,2015.0
C3407,2015.0
C3407,2015.0
C3407,2015.0
C1336,2017.0
C5580,2020.0
C5580,2020.0
C5580,2020.0
C2900,2016.0
C2900,2016.0
C4810,2017.0
C3948,2021.0
C4571,2016.0
C4571,2016.0
C4571,2016.0
C4571,2016.0
C5433,2016.0
C5433,2016.0
C5433,2016.0
C5433,2016.0
C5433,2016.0
C1652,2024.0
C3864,2017.0
C4963,2016.0
C3378,2018.0
C3824,2018.0
C3824,2018.0
C1940,2016.0
C4934,2021.0
C2481,2016.0
C2481,2016.0
C2481,2016.0
C2481,2016.0
C2481,2016.0
C3806,2022.0
C5787,2021.0
C4530,2021.0
C2929,2015.0
C3564,2020.0
C1648,2020.0
C5944,2024.0
C4792,2024.0
C2315,2021.0
C4014,2016.0
C4014,2016.0
C4014,2016.0
C4014,2016.0
C2157,2024.0
C1903,2019.0
C1903,2019.0
C5566,2018.0
C5566,2018.0
C5566,2018.0
C5566,2018.0
C5566,2018.0
C1992,2023.0
C1992,2023.0
C1992,2023.0
C1148,2018.0
C1604,2017.0
C2041,2022.0
C4002,2024.0
C5904,2015.0
C1379,2016.0
C4981,2017.0
C5356,2016.0
C5356,2016.0
C4045,2021.0
C5976,2016.0
C5976,2016.0
C5976,2016.0
C5976,2016.0
C2740,2018.0
C2740,2018.0
C2740,2018.0
C2740,2018.0
C2740,2018.0
C3565,2024.0
C4673,2022.0
C4989,2024.0
C4556,2023.0
C2650,2016.0
C3107,2021.0
C3107,2021.0
C5345,2019.0
C4209,2017.0
C2446,2019.0
C2551,2018.0
C2551,2018.0
C2551,2018.0
C2551,2018.0
C3387,2018.0
C5310,2016.0
C3808,2015.0
C2508,2024.0
C1256,2024.0
C1442,2016.0
C3128,2021.0
C4932,2017.0
C4932,2017.0
C4932,2017.0
C4932,2017.0
C4932,2017.0
C1830,2019.0
C2255,2015.0
C2278,2016.0
C2278,2016.0
C2278,2016.0
C2278,2016.0
C5620,2022.0
C4573,2020.0
C4573,2020.0
C4573,2020.0
C4387,2021.0
C4750,2015.0
C4750,2015.0
C4750,2015.0
C4750,2015.0
C4750,2015.0
C4750,2015.0
C4750,2015.0
C5481,2015.0
C2050,2020.0
C5987,2022.0
C5987,2022.0
C5987,2022.0
C5987,2022.0
C5987,2022.0
C3710,2019.0
C5367,2022.0
C5367,2022.0
C5367,2022.0
C1001,2017.0
C3741,2021.0
C2738,2015.0
C4847,2015.0
C1806,2017.0
C2062,2023.0
C2711,2020.0
C3106,2021.0
C2461,2020.0
C2461,2020.0
C2461,2020.0
C2461,2020.0
C2461,2020.0
C2461,2020.0
C2461,2020.0
C2951,2024.0
C3043,2015.0
C3043,2015.0
C3043,2015.0
C3043,2015.0
C3043,2015.0
C3043,2015.0
C3043,2015.0
C2949,2018.0
C2949,2018.0
C1913,2020.0
C3880,2019.0
C3880,2019.0
C3880,2019.0
C3880,2019.0
C3880,2019.0
C2299,2017.0
C1706,2022.0
C3178,2019.0
C3671,2019.0
C3671,2019.0
C3671,2019.0
C3671,2019.0
C3671,2019.0
C3671,2019.0
C5162,2021.0
C5162,2021.0
C5162,2021.0
C5162,2021.0
C5162,2021.0
C1464,2024.0
C1464,2024.0
C1464,2024.0
C1464,2024.0
C1464,2024.0
C1464,2024.0
C1464,2024.0
C1281,2019.0
C4828,2015.0
C1559,2020.0
C4904,2016.0
C2153,2023.0
C2209,2018.0
C5394,2020.0
C4335,2020.0
C4335,2020.0
C4335,2020.0
C4335,2020.0
C4266,2024.0
C4266,2024.0
C4266,2024.0
C4266,2024.0
C1515,2019.0
C2717,2023.0
C2237,2016.0
C2237,2016.0
C2237,2016.0
C2237,2016.0
C2237,2016.0
C5834,2016.0
C5834,2016.0
C5834,2016.0
C5834,2016.0
C1831,2016.0
C4278,2022.0
C4876,2024.0
C3903,2020.0
C1708,2016.0
C2150,2019.0
C5798,2022.0
C5935,2018.0
C5935,2018.0
C5935,2018.0
C5935,2018.0
C1932,2019.0
C1932,2019.0
C1932,2019.0
C4596,2024.0
C2680,2022.0
C2952,2019.0
C4875,2016.0
C2366,2016.0
C1654,2017.0
C1654,2017.0
C1654,2017.0
C2910,2022.0
C5328,2024.0
C2670,2017.0
C1923,2019.0
C3185,2023.0
C3185,2023.0
C3185,2023.0
C2483,2016.0
C2483,2016.0
C2483,2016.0
C2483,2016.0
C1328,2024.0
C4883,2022.0
C5581,2016.0
C3714,2016.0
C5188,2016.0
C2618,2018.0
C4021,2015.0
C1554,2024.0
C5611,2023.0
C3858,2019.0
C3899,2022.0
C1431,2017.0
C4181,2017.0
C4181,2017.0
C4181,2017.0
C2266,2020.0
C5158,2016.0
C5657,2020.0
C1371,2016.0
C1371,2016.0
C1371,2016.0
C1371,2016.0
C2562,2023.0
C4723,2015.0
C2402,2022.0
C4589,2024.0
C3252,2015.0
C4586,2022.0
C1218,2021.0
C4238,2016.0
C4238,2016.0
C3569,2018.0
C4145,2018.0
C4145,2018.0
C4145,2018.0
C4145,2018.0
C4145,2018.0
C2921,2022.0
C4175,2021.0
C4175,2021.0
C4175,2021.0
C4175,2021.0
C3028,2022.0
C3028,2022.0
C3028,2022.0
C3028,2022.0
C1060,2020.0
C1506,2023.0
C3781,2019.0
C2902,2023.0
C2902,2023.0
C2902,2023.0
C5590,2024.0
C5590,2024.0
C3826,2023.0
C2305,2016.0
C4927,2020.0
C3763,2015.0
C3763,2015.0
C2666,2016.0
C5815,2021.0
C4795,2019.0
C5694,2016.0
C2797,2015.0
C3581,2022.0
C5004,2020.0
C1418,2015.0
C3979,2017.0
C3979,2017.0
C3979,2017.0
C3979,2017.0
C3979,2017.0
C4899,2020.0
C5090,2015.0
C4274,2015.0
C4482,2023.0
C4537,2021.0
C2106,2017.0
C5124,2018.0
C3330,2015.0
C5406,2018.0
C5932,2023.0
C1760,2023.0
C2967,2017.0
C4161,2017.0
C5826,2019.0
C5826,2019.0
C5826,2019.0
C5826,2019.0
C5826,2019.0
C5523,2020.0
C4143,2019.0
C3984,2019.0
C2476,2018.0
C4078,2017.0
C4547,2016.0
C5078,2016.0
C5078,2016.0
C5078,2016.0
C1177,2019.0
C5651,2021.0
C3625,2017.0
C1382,2019.0
C2141,2017.0
C1326,2024.0
C3451,2024.0
C4751,2024.0
C4751,2024.0
C4751,2024.0
C4751,2024.0
C4422,2017.0
C2125,2020.0
C5343,2023.0
C4062,2015.0
C5265,2017.0
C5591,2016.0
C1066,2016.0
C1502,2019.0
C1523,2017.0
C2623,2017.0
C1562,2019.0
C1562,2019.0
C1562,2019.0
C1562,2019.0
C2100,2018.0
C4284,2015.0
C2206,2016.0
C2206,2016.0
C2206,2016.0
C4025,2022.0
C1693,2016.0
C4900,2024.0
C4219,2020.0
C2907,2015.0
C4133,2022.0
C4133,2022.0
C4133,2022.0
C4133,2022.0
C4133,2022.0
C3062,2020.0
C2231,2023.0
C3457,2016.0
C4986,2018.0
C3728,2022.0
C1817,2016.0
C3999,2019.0
C3999,2019.0
C3999,2019.0
C3999,2019.0
C3999,2019.0
C1514,2022.0
C3738,2018.0
C1253,2020.0
C2466,2017.0
C2466,2017.0
C2466,2017.0
C2466,2017.0
C2466,2017.0
C2279,2018.0
C2694,2020.0
C2694,2020.0
C2694,2020.0
C2694,2020.0
C1840,2018.0
C2919,2024.0
C4817,2022.0
C3598,2015.0
C3729,2021.0
C3922,2021.0
C3922,2021.0
C3922,2021.0
C2032,2020.0
C1835,2016.0
C1620,2024.0
C1620,2024.0
C1620,2024.0
C4647,2021.0
C2244,2018.0
C5839,2018.0
C4086,2020.0
C3801,2019.0
C5083,2023.0
C2657,2020.0
C2657,2020.0
C2657,2020.0
C2069,2017.0
C2069,2017.0
C2069,2017.0
C5943,2024.0
C3022,2015.0
C4282,2019.0
C4282,2019.0
C4282,2019.0
C1034,2024.0
C5870,2019.0
C1033,2017.0
C1332,2024.0
C4613,2018.0
C2090,2020.0
C5748,2020.0
C5748,2020.0
C5748,2020.0
C5748,2020.0
C5748,2020.0
C3372,2016.0
C3032,2024.0
C3621,2018.0
C5745,2021.0
C5745,2021.0
C2776,2016.0
C2025,2016.0
C2025,2016.0
C2025,2016.0
C2025,2016.0
C2025,2016.0
C3296,2024.0
C1868,2021.0
C2714,2015.0
C2714,2015.0
C2714,2015.0
C4865,2020.0
C4865,2020.0
C4865,2020.0
C4865,2020.0
C4865,2020.0
C1165,2019.0
C1165,2019.0
C1165,2019.0
C1306,2023.0
C5110,2021.0
C1099,2023.0
C5123,2023.0
C5123,2023.0
C5123,2023.0
C4692,2018.0
C4692,2018.0
C4692,2018.0
C4911,2016.0
C4911,2016.0
C3150,2020.0
C5704,2021.0
C4452,2015.0
C4452,2015.0
C4452,2015.0
C4452,2015.0
C2541,2017.0
C2541,2017.0
C2541,2017.0
C2591,2017.0
C5810,2021.0
C1391,2015.0
C5191,2020.0
C5191,2020.0
C5191,2020.0
C1363,2023.0
C5466,2015.0
C2676,2022.0
C1482,2017.0
C1482,2017.0
C1482,2017.0
C3604,2023.0
C3604,2023.0
C3604,2023.0
C3604,2023.0
C3604,2023.0
C3604,2023.0
C3747,2015.0
C4312,2017.0
C1430,2017.0
C4645,2016.0
C4645,2016.0
C4645,2016.0
C1519,2017.0
C1519,2017.0
C1519,2017.0
C1519,2017.0
C1519,2017.0
C1519,2017.0
C4407,2023.0
C3075,2015.0
C3075,2015.0
C3075,2015.0
C3075,2015.0
C4710,2021.0
C4430,2018.0
C3715,2024.0
C5386,2024.0
C5386,2024.0
C5386,2024.0
C5386,2024.0
C5386,2024.0
C1114,2019.0
C4669,2021.0
C1600,2023.0
C1600,2023.0
C1600,2023.0
C3379,2021.0
C4563,2019.0
C4563,2019.0
C4563,2019.0
C4563,2019.0
C3798,2023.0
C5320,2024.0
C3496,2022.0
C3496,2022.0
C3496,2022.0
C2633,2019.0
C5886,2021.0
C3231,2019.0
C2904,2021.0
C2501,2022.0
C4811,2015.0
C5227,2021.0
C5800,2019.0
C3443,2016.0
C1934,2021.0
C2465,2019.0
C1812,2018.0
C1812,2018.0
C1812,2018.0
C1812,2018.0
C1812,2018.0
C2112,2019.0
C2112,2019.0
C2112,2019.0
C2112,2019.0
C3377,2017.0
C5771,2016.0
C5771,2016.0
C5771,2016.0
C2628,2021.0
C3162,2018.0
C3162,2018.0
C2660,2020.0
C2660,2020.0
C2660,2020.0
C2924,2024.0
C5755,2018.0
C5154,2020.0
C5979,2024.0
C4394,2020.0
C4394,2020.0
C4394,2020.0
C3502,2015.0
C3502,2015.0
C3214,2020.0
C4503,2019.0
C5224,2017.0
C4552,2015.0
C1213,2015.0
C3319,2024.0
C1883,2018.0
C3334,2015.0
C5477,2024.0
C2030,2019.0
C2877,2024.0
C4872,2023.0
C4111,2018.0
C4128,2016.0
C4665,2020.0
C4665,2020.0
C4665,2020.0
C4665,2020.0
C2933,2018.0
C1585,2018.0
C3126,2017.0
C4125,2024.0
C4125,2024.0
C4125,2024.0
C4125,2024.0
C1448,2018.0
C1279,2021.0
C4357,2022.0
C5336,2023.0
C3427,2023.0
C3131,2019.0
C4988,2023.0
C2848,2020.0
C3461,2016.0
C3982,2024.0
C3982,2024.0
C4342,2024.0
C2065,2018.0
C3761,2020.0
C3761,2020.0
C3761,2020.0
C3761,2020.0
C3761,2020.0
C3761,2020.0
C3761,2020.0
C3761,2020.0
C3761,2020.0
C4363,2020.0
C3035,2015.0
C4499,2017.0
C4764,2015.0
C1489,2017.0
C1419,2017.0
C2022,2022.0
C1057,2024.0
C1057,2024.0
C1057,2024.0
C1057,2024.0
C1057,2024.0
C1057,2024.0
C4202,2023.0
C4202,2023.0
C5122,2020.0
C5985,2018.0
C1312,2018.0
C5093,2018.0
C3535,2020.0
C3248,2020.0
C3110,2017.0
C3445,2018.0
C3445,2018.0
C3445,2018.0
C3445,2018.0
C3900,2021.0
C3900,2021.0
C2319,2022.0
C2319,2022.0
C2319,2022.0
C2319,2022.0
C2319,2022.0
C2319,2022.0
C2319,2022.0
C2319,2022.0
C1882,2016.0
C5242,2019.0
C2006,2022.0
C3668,2021.0
C1878,2024.0
C4074,2020.0
C1119,2024.0
C2140,2019.0
C2140,2019.0
C2140,2019.0
C2140,2019.0
C5996,2016.0
C3874,2020.0
C3874,2020.0
C3874,2020.0
C3874,2020.0
C3874,2020.0
C1629,2016.0
C4356,2022.0
C1007,2017.0
C1007,2017.0
C1007,2017.0
C1007,2017.0
C1007,2017.0
C1007,2017.0
C1710,2022.0
C5358,2020.0
C4149,2022.0
C2533,2024.0
C2256,2019.0
C4072,2016.0
C4072,2016.0
C4072,2016.0
C4539,2023.0
C4539,2023.0
C4539,2023.0
C4162,2018.0
C4318,2016.0
C4166,2018.0
C2198,2019.0
C4449,2018.0
C4029,2019.0
C4453,2022.0
C4453,2022.0
C4453,2022.0
C4453,2022.0
C4453,2022.0
C5173,2021.0
C1509,2016.0
C5551,2015.0
C1791,2021.0
C1755,2018.0
C5578,2024.0
C3758,2021.0
C2624,2024.0
C4873,2019.0
C1385,2015.0
C1385,2015.0
C1385,2015.0
C1385,2015.0
C1385,2015.0
C3488,2018.0
C4095,2022.0
C3687,2020.0
C5622,2024.0
C5622,2024.0
C5622,2024.0
C5622,2024.0
C5622,2024.0
C2303,2016.0
C5171,2016.0
C5171,2016.0
C5171,2016.0
C1946,2020.0
C5534,2023.0
C4943,2015.0
C5871,2024.0
C3552,2022.0
C1570,2021.0
C2604,2024.0
C2604,2024.0
C2604,2024.0
C2604,2024.0
C3866,2021.0
C5303,2017.0
C3015,2017.0
C4646,2021.0
C5754,2019.0
C5754,2019.0
C2575,2024.0
C3164,2022.0
C4768,2018.0
C5722,2018.0
C5203,2016.0
C1695,2024.0
C2821,2023.0
C1341,2016.0
C3273,2015.0
C3788,2015.0
C5526,2023.0
C1485,2015.0
C1586,2023.0
C1586,2023.0
C1586,2023.0
C1586,2023.0
C4229,2018.0
C4229,2018.0
C4229,2018.0
C4229,2018.0
C2830,2020.0
C4373,2022.0
C4373,2022.0
C4359,2015.0
C3780,2023.0
C2572,2019.0
C4247,2023.0
C4753,2022.0
C4753,2022.0
C4753,2022.0
C3992,2024.0
C1667,2018.0
C4825,2015.0
C2829,2016.0
C1016,2024.0
C3042,2023.0
C1204,2021.0
C2917,2023.0
C4712,2020.0
C2857,2019.0
C2528,2024.0
C2528,2024.0
C2528,2024.0
C2528,2024.0
C2528,2024.0
C2176,2019.0
C3124,2020.0
C4275,2017.0
C3369,2020.0
C2563,2019.0
C1793,2019.0
C3215,2020.0
C3484,2024.0
C4869,2018.0
C2513,2023.0
C4779,2015.0
C3019,2017.0
C2669,2017.0
C5235,2021.0
C5235,2021.0
C5235,2021.0
C5653,2024.0
C5768,2023.0
C2443,2015.0
C2301,2018.0
C5467,2018.0
C5467,2018.0
C1526,2017.0
C4043,2019.0
C2567,2022.0
C5764,2022.0
C4638,2021.0
C2966,2023.0
C4655,2015.0
C2862,2015.0
C3324,2024.0
C2518,2023.0
C4212,2020.0
C1919,2020.0
C3838,2017.0
C4292,2018.0
C1301,2023.0
C5652,2021.0
C5652,2021.0
C5652,2021.0
C3141,2021.0
C2802,2020.0
C5738,2021.0
C1599,2015.0
C2495,2016.0
C2495,2016.0
C2495,2016.0
C2495,2016.0
C2495,2016.0
C5925,2017.0
C4975,2023.0
C1557,2024.0
C5021,2024.0
C4858,2019.0
C1563,2015.0
C2371,2017.0
C4859,2018.0
C5991,2018.0
C1406,2015.0
C5008,2024.0
C5008,2024.0
C4248,2020.0
C5803,2024.0
C4995,2017.0
C4995,2017.0
C4995,2017.0
C4995,2017.0
C3860,2016.0
C3860,2016.0
C3860,2016.0
C3260,2017.0
C3260,2017.0
C3260,2017.0
C3260,2017.0
C3260,2017.0
C3260,2017.0
C3260,2017.0
C4856,2017.0
C5658,2023.0
C4198,2018.0
C1762,2016.0
C3620,2021.0
C2005,2021.0
C1366,2015.0
C2186,2018.0
C4242,2019.0
C5894,2020.0
C3064,2018.0
C3064,2018.0
C3064,2018.0
C3064,2018.0
C3064,2018.0
C3064,2018.0
C3064,2018.0
C3064,2018.0
C3275,2022.0
C3702,2016.0
C4652,2017.0
C2656,2016.0
C1545,2018.0
C3851,2020.0
C2451,2023.0
C5223,2018.0
C5172,2016.0
C2938,2017.0
C4580,2019.0
C4580,2019.0
C5938,2021.0
C1454,2019.0
C3857,2024.0
C2673,2016.0
C5163,2020.0
C4388,2020.0
C4011,2017.0
C1819,2018.0
C4012,2021.0
C4012,2021.0
C3946,2019.0
C3376,2023.0
C1030,2016.0
C3280,2017.0
C2099,2024.0
C4639,2020.0
C2215,2020.0
C5175,2023.0
C4990,2021.0
C3677,2016.0
C5811,2020.0
C2606,2022.0
C3452,2022.0
C5880,2022.0
C4255,2018.0
C2245,2018.0
C1848,2021.0
C2259,2017.0
C5911,2018.0
C4228,2021.0
C1609,2019.0
C2818,2015.0
C4319,2016.0
C2142,2019.0
C5635,2019.0
C3927,2019.0
C4089,2021.0
C5683,2018.0
C1618,2018.0
C3245,2016.0
C5997,2017.0
C2204,2020.0
C4468,2024.0
C1662,2024.0
C1045,2023.0
C5727,2022.0
C5727,2022.0
C5727,2022.0
C5727,2022.0
C5148,2018.0
C3574,2021.0
C2579,2018.0
C4778,2020.0
C3529,2023.0
C3399,2021.0
C4505,2022.0
C3029,2019.0
C1672,2022.0
C2693,2019.0
C1870,2019.0
C3161,2017.0
C3887,2017.0
C5099,2018.0
C2827,2017.0
C3905,2020.0
C3619,2019.0
C1954,2018.0
C3536,2019.0
C2057,2018.0
C2057,2018.0
C2057,2018.0
C2057,2018.0
C4637,2019.0
C3112,2017.0
C3112,2017.0
C3112,2017.0
C3112,2017.0
C3112,2017.0
C3112,2017.0
C1971,2021.0
C1112,2016.0
C2607,2024.0
C3916,2017.0
C3127,2017.0
C1453,2023.0
C1754,2020.0
C3901,2018.0
C2334,2018.0
C3307,2017.0
C4110,2022.0
C4583,2019.0
C2088,2024.0
C3735,2016.0
C2536,2021.0
C3148,2022.0
C4861,2017.0
C4205,2015.0
C3433,2019.0
C3433,2019.0
C2845,2016.0
C4745,2018.0
C3358,2020.0
C3175,2018.0
C5779,2015.0
C2808,2023.0
C4789,2015.0
C3312,2024.0
C3292,2017.0
C5185,2024.0
C5003,2022.0
C5003,2022.0
C5107,2017.0
C3675,2020.0
C1022,2015.0
C4633,2020.0
C2783,2016.0
C4370,2022.0
C1674,2018.0
C3936,2019.0
C1290,2017.0
C2897,2023.0
C4804,2021.0
C4527,2017.0
C4614,2016.0
C1626,2016.0
C1412,2019.0
C1317,2020.0
C1921,2015.0
C5789,2023.0
C3031,2024.0
C1205,2020.0
C4671,2016.0
C5861,2023.0
C4980,2019.0
C5646,2016.0
C5714,2016.0
C4732,2019.0
C1740,2017.0
C4654,2022.0
C1603,2021.0
C4769,2015.0
C4094,2020.0
C4328,2019.0
C3351,2019.0
C1261,2017.0
C3951,2021.0
C3951,2021.0
C3951,2021.0
C3951,2021.0
C5632,2021.0
C3005,2021.0
C3005,2021.0
C3005,2021.0
C3005,2021.0
C3005,2021.0
C3005,2021.0
C1299,2021.0
C4726,2022.0
C1942,2019.0
C4446,2015.0
C2810,2021.0
C2659,2020.0
C5088,2018.0
C2454,2017.0
C2685,2018.0
C4084,2015.0
C2156,2016.0
C5256,2020.0
C4485,2022.0
C5020,2020.0
C5020,2020.0
C5020,2020.0
C5020,2020.0
C5020,2020.0
C2732,2022.0
C2397,2019.0
C3544,2022.0
C3938,2024.0
C5537,2015.0
C3485,2019.0
C3485,2019.0
C3485,2019.0
C3072,2022.0
C3072,2022.0
C3151,2020.0
C4299,2015.0
C4299,2015.0
C4299,2015.0
C4299,2015.0
C1043,2022.0
C1852,2019.0
C3020,2020.0
C4210,2018.0
C4210,2018.0
C4210,2018.0
C1889,2023.0
C1699,2022.0
C2130,2015.0
C5691,2017.0
C4049,2020.0
C3931,2023.0
C1302,2020.0
C1302,2020.0
C1302,2020.0
C1302,2020.0
C1302,2020.0
C1302,2020.0
C1655,2024.0
C5397,2024.0
C5397,2024.0
C5397,2024.0
C1203,2023.0
C4083,2018.0
C4643,2019.0
C5655,2019.0
C5655,2019.0
C5655,2019.0
C5655,2019.0
C3812,2022.0
C3700,2015.0
C1540,2016.0
C2074,2019.0
C2074,2019.0
C2074,2019.0
C1694,2024.0
C1195,2016.0
C4469,2024.0
C2557,2024.0
C4621,2015.0
C4621,2015.0
C4621,2015.0
C4621,2015.0
C4621,2015.0
C4621,2015.0
C2355,2016.0
C5373,2022.0
C2677,2024.0
C4554,2017.0
C3575,2017.0
C3648,2015.0
C2742,2017.0
C4529,2019.0
C5035,2020.0
C3869,2020.0
C3869,2020.0
C3869,2020.0
C3869,2020.0
C1355,2017.0
C1355,2017.0
C1355,2017.0
C3924,2016.0
C2724,2015.0
C2390,2023.0
C1855,2016.0
C3654,2017.0
C1688,2024.0
C2207,2016.0
C3269,2015.0
C3269,2015.0
C3269,2015.0
C3081,2019.0
C4018,2020.0
C4502,2019.0
C4632,2019.0
C2916,2021.0
C1275,2016.0
C4630,2018.0
C2588,2020.0
C3429,2020.0
C2796,2015.0
C4376,2021.0
C2120,2019.0
C4444,2017.0
C3441,2016.0
C5858,2023.0
C2768,2024.0
C1087,2024.0
C4177,2021.0
C1189,2023.0
C4246,2015.0
C2824,2019.0
C5672,2024.0
C5751,2018.0
C2736,2017.0
C2205,2022.0
C5596,2018.0
C1311,2021.0
C1407,2020.0
C2655,2020.0
C2655,2020.0
C4121,2016.0
C3270,2019.0
C4849,2024.0
C1698,2015.0
C5690,2020.0
C3613,2018.0
C5638,2024.0
C3688,2016.0
C5495,2022.0
C1069,2022.0
C3235,2019.0
C5761,2015.0
C5965,2017.0
C3929,2017.0
C2771,2019.0
C4992,2017.0
C4689,2017.0
C4689,2017.0
C4689,2017.0
C4689,2017.0
C5675,2017.0
C3263,2019.0
C3584,2023.0
C3584,2023.0
C3584,2023.0
C3088,2015.0
C1763,2015.0
C2365,2017.0
C2753,2015.0
C1972,2017.0
C3039,2024.0
C3136,2023.0
C1327,2019.0
C4154,2017.0
C3207,2016.0
C4898,2024.0
C4898,2024.0
C4898,2024.0
C1480,2024.0
C1480,2024.0
C5773,2015.0
C3863,2020.0
C4820,2017.0
C4820,2017.0
C4820,2017.0
C4960,2017.0
C1170,2021.0
C1987,2020.0
C4142,2020.0
C3859,2019.0
C3534,2021.0
C4944,2023.0
C5512,2021.0
C4854,2018.0
C1075,2019.0
C1434,2023.0
C5053,2022.0
C5053,2022.0
C5053,2022.0
C5053,2022.0
C1048,2024.0
C1048,2024.0
C1048,2024.0
C1048,2024.0
C5721,2021.0
C5721,2021.0
C5721,2021.0
C5721,2021.0
C2504,2015.0
C2504,2015.0
C2504,2015.0
C2504,2015.0
C3354,2018.0
C5732,2021.0
C5368,2015.0
C2474,2021.0
C2474,2021.0
C2474,2021.0
C3962,2021.0
C1181,2023.0
C1181,2023.0
C1181,2023.0
C4706,2016.0
C5298,2023.0
C3115,2017.0
C4320,2023.0
C4320,2023.0
C4320,2023.0
C1409,2020.0
C5425,2018.0
C2225,2015.0
C1753,2024.0
C5922,2015.0
C5103,2016.0
C1496,2017.0
C5469,2017.0
C3865,2023.0
C3865,2023.0
C2745,2015.0
C2129,2019.0
C1798,2016.0
C2555,2023.0
C2555,2023.0
C2555,2023.0
C2555,2023.0
C2475,2024.0
C1944,2018.0
C2070,2015.0
C2611,2024.0
C2522,2023.0
C1135,2019.0
C4384,2024.0
C5428,2024.0
C2227,2015.0
C3734,2021.0
C4434,2021.0
C4434,2021.0
C4434,2021.0
C4581,2016.0
C5972,2018.0
C1360,2023.0
C2654,2015.0
C5667,2024.0
C5667,2024.0
C5667,2024.0
C3881,2021.0
C2983,2022.0
C3024,2021.0
C5866,2020.0
C4848,2015.0
C3539,2022.0
C2342,2021.0
C1202,2024.0
C4218,2020.0
C3818,2017.0
C4565,2018.0
C2320,2021.0
C1555,2016.0
C3659,2019.0
C2879,2017.0
C3241,2018.0
C1400,2023.0
C3942,2022.0
C2651,2018.0
C2584,2019.0
C2584,2019.0
C2584,2019.0
C4585,2022.0
C4461,2022.0
C5019,2023.0
C2642,2018.0
C5091,2019.0
C1058,2015.0
C2369,2017.0
C4533,2024.0
C3698,2019.0
C4451,2021.0
C5532,2017.0
C4597,2017.0
C3764,2018.0
C3764,2018.0
C3764,2018.0
C3764,2018.0
C3764,2018.0
C3435,2019.0
C2691,2023.0
C5598,2023.0
C3086,2022.0
C3848,2015.0
C3393,2015.0
C5977,2022.0
C2927,2022.0
C3765,2022.0
C3765,2022.0
C3765,2022.0
C4701,2015.0
C4701,2015.0
C2661,2024.0
C5724,2020.0
C2958,2023.0
C4239,2017.0
C3189,2018.0
C2722,2018.0
C3614,2018.0
C3614,2018.0
C3614,2018.0
C5418,2019.0
C5289,2024.0
C4579,2019.0
C2357,2023.0
C1052,2022.0
C1052,2022.0
C2940,2015.0
C1802,2023.0
C5483,2020.0
C3173,2017.0
C4395,2018.0
C1404,2022.0
C3205,2019.0
C5243,2016.0
C5243,2016.0
C5243,2016.0
C2882,2023.0
C3170,2020.0
C3448,2016.0
C2491,2022.0
C5736,2016.0
C5998,2019.0
C5742,2022.0
C1287,2024.0
C1287,2024.0
C1287,2024.0
C5701,2021.0
C4034,2015.0
C4034,2015.0
C4034,2015.0
C4034,2015.0
C4034,2015.0
C4439,2019.0
C4439,2019.0
C5457,2017.0
C1356,2017.0
C1356,2017.0
C1356,2017.0
C1356,2017.0
C2898,2022.0
C3423,2015.0
C1090,2017.0
C1090,2017.0
C1090,2017.0
C1090,2017.0
C1199,2024.0
C4598,2018.0
C4813,2022.0
C4813,2022.0
C4813,2022.0
C4813,2022.0
C5970,2022.0
C5970,2022.0
C5970,2022.0
C5970,2022.0
C5313,2023.0
C1444,2024.0
C5285,2017.0
C4389,2024.0
C5669,2018.0
C4998,2020.0
C2665,2022.0
C2053,2024.0
C1488,2020.0
C4466,2018.0
C1978,2015.0
C2578,2016.0
C1232,2017.0
C5504,2024.0
C2757,2024.0
C2249,2024.0
C3408,2017.0
C2913,2018.0
C4889,2015.0
C4734,2017.0
C3787,2020.0
C1321,2021.0
C4309,2019.0
C5511,2019.0
C1027,2023.0
C4054,2017.0
C4478,2019.0
C2865,2016.0
C3367,2023.0
C5521,2024.0
C4744,2017.0
C5855,2016.0
C1367,2019.0
C5872,2022.0
C1808,2021.0
C4441,2021.0
C3047,2019.0
C1861,2020.0
C5992,2018.0
C2010,2019.0
C4852,2020.0
C4006,2021.0
C5785,2020.0
C5785,2020.0
C5785,2020.0
C5711,2022.0
C2194,2022.0
C2462,2017.0
C2102,2023.0
C3998,2024.0
C2795,2024.0
C2795,2024.0
C2795,2024.0
C1359,2023.0
C1307,2017.0
C2393,2020.0
C2393,2020.0
C1826,2022.0
C4893,2021.0
C1656,2021.0
C5743,2022.0
C5743,2022.0
C1357,2022.0
C3037,2017.0
C3037,2017.0
C3037,2017.0
C3037,2017.0
C3037,2017.0
C3037,2017.0
C2569,2023.0
C3981,2021.0
C2641,2023.0
C1462,2020.0
C4061,2022.0
C1833,2015.0
C1073,2022.0
C4952,2023.0
C3716,2016.0
C1750,2020.0
C3996,2021.0
C3996,2021.0
C2163,2020.0
C5554,2021.0
C4885,2019.0
C1478,2015.0
C2210,2024.0
C1369,2019.0
C1915,2023.0
C4484,2015.0
C4289,2023.0
C4897,2015.0
C2871,2015.0
C2029,2017.0
C2029,2017.0
C5681,2017.0
C5120,2017.0
C1481,2020.0
C4371,2024.0
C5007,2018.0
C1952,2020.0
C5212,2024.0
C5262,2017.0
C3820,2022.0
C2490,2024.0
C2490,2024.0
C2490,2024.0
C2490,2024.0
C1726,2017.0
C2221,2016.0
C2944,2016.0
C5502,2016.0
C2349,2016.0
C2349,2016.0
C2349,2016.0
C3320,2023.0
C5557,2022.0
C1967,2023.0
C1746,2021.0
C4659,2024.0
C3684,2015.0
C1152,2024.0
C3311,2017.0
C5912,2018.0
C2493,2019.0
C5360,2021.0
C4924,2016.0
C2457,2019.0
C5529,2015.0
C2276,2017.0
C2973,2022.0
C4032,2020.0
C3044,2024.0
C5777,2019.0
C2139,2019.0
C3521,2016.0
C3521,2016.0
C3521,2016.0
C3521,2016.0
C3521,2016.0
C5825,2018.0
C2838,2021.0
C1015,2019.0
C3724,2024.0
C5431,2023.0
C1210,2015.0
C1452,2020.0
C1929,2023.0
C5522,2015.0
C1153,2022.0
C5322,2024.0
C3416,2021.0
C4258,2016.0
C3590,2022.0
C4968,2018.0
C4683,2016.0
C1891,2022.0
C2841,2019.0
C3208,2021.0
C3208,2021.0
C1494,2018.0
C1260,2015.0
C1943,2021.0
C3182,2022.0
C1455,2023.0
C1354,2022.0
C3524,2019.0
C5041,2019.0
C3277,2017.0
C5602,2015.0
C4634,2020.0
C1490,2022.0
C2086,2023.0
C1565,2016.0
C1565,2016.0
C1565,2016.0
C5884,2016.0
C1617,2020.0
C1931,2024.0
C5296,2017.0
C2407,2023.0
C2908,2021.0
C3660,2021.0
C5446,2017.0
C2614,2021.0
C3672,2021.0
C2603,2017.0
C1630,2021.0
C4651,2022.0
C3390,2016.0
C5689,2016.0
C3961,2020.0
C5594,2019.0
C4697,2015.0
C4697,2015.0
C4697,2015.0
C3191,2022.0
C2364,2021.0
C5101,2023.0
C5101,2023.0
C5101,2023.0
C3841,2020.0
C4538,2017.0
C3827,2017.0
C4679,2021.0
C4969,2017.0
C4204,2021.0
C4204,2021.0
C4204,2021.0
C4204,2021.0
C3013,2019.0
C3013,2019.0
C2038,2022.0
C4896,2018.0
C5623,2015.0
C4391,2015.0
C3442,2015.0
C3494,2016.0
C3494,2016.0
C4867,2022.0
C1224,2019.0
C3121,2024.0
C4004,2016.0
C5030,2019.0
C1547,2020.0
C5739,2015.0
C4197,2015.0
C4418,2019.0
C4418,2019.0
C4418,2019.0
C5759,2018.0
C5759,2018.0
C5759,2018.0
C5759,2018.0
C5759,2018.0
C5759,2018.0
C3985,2022.0
C1190,2020.0
C1190,2020.0
C1190,2020.0
C1190,2020.0
C1190,2020.0
C1190,2020.0
C2941,2015.0
C2846,2021.0
C5792,2024.0
C1014,2021.0
C5112,2021.0
C2226,2016.0
C4428,2019.0
C5218,2016.0
C3102,2021.0
C3638,2017.0
C1387,2015.0
C1605,2017.0
C1605,2017.0
C1605,2017.0
C1071,2016.0
C4473,2024.0
C2412,2018.0
C5272,2015.0
C4015,2017.0
C2408,2015.0
C2922,2020.0
C3065,2021.0
C3063,2015.0
C2415,2021.0
C1046,2015.0
C1500,2018.0
C2751,2024.0
C4101,2021.0
C2936,2020.0
C3562,2019.0
C5014,2019.0
C3349,2022.0
C5814,2015.0
C4714,2015.0
C3046,2016.0
C5542,2016.0
C5350,2020.0
C2959,2023.0
C2621,2022.0
C2621,2022.0
C5023,2023.0
C5164,2024.0
C4070,2021.0
C1941,2016.0
C4353,2020.0
C1178,2018.0
C3056,2020.0
C4545,2024.0
C1873,2019.0
C1873,2019.0
C5001,2015.0
C1881,2021.0
C2682,2023.0
C2380,2015.0
C2856,2015.0
C3002,2020.0
C5682,2021.0
C2324,2021.0
C1950,2020.0
C1786,2021.0
C2652,2017.0
C3417,2022.0
C1539,2022.0
C2151,2018.0
C1064,2016.0
C5468,2020.0
C1158,2017.0
C4738,2022.0
C4276,2021.0
C4276,2021.0
C4276,2021.0
C1469,2024.0
C3436,2024.0
C3611,2020.0
C5957,2019.0
C2790,2018.0
C5654,2021.0
C2770,2024.0
C5665,2023.0
C2368,2021.0
C1579,2022.0
C5776,2017.0
C3116,2020.0
C5192,2020.0
C2489,2016.0
C5326,2024.0
C5524,2016.0
C5524,2016.0
C5524,2016.0
C5524,2016.0
C5524,2016.0
C2328,2019.0
C1226,2021.0
C4760,2016.0
C3849,2024.0
C3785,2023.0
C5824,2017.0
C4757,2021.0
C2500,2023.0
C2746,2024.0
C2926,2020.0
C2085,2017.0
C5239,2022.0
C2993,2024.0
C1437,2015.0
C1865,2016.0
C4423,2015.0
C1252,2024.0
C5501,2017.0
C2268,2019.0
C2268,2019.0
C2268,2019.0
C2609,2023.0
C4470,2017.0
C4822,2018.0
C5921,2017.0
C4150,2018.0
C3608,2015.0
C3171,2017.0
C1131,2017.0
C2915,2020.0
C3255,2023.0
C1037,2022.0
C5370,2024.0
C1264,2022.0
C1548,2018.0
C1388,2017.0
C3163,2016.0
C2647,2017.0
C5959,2018.0
C4916,2020.0
C1635,2015.0
C2427,2020.0
C5643,2023.0
C5583,2022.0
C4429,2019.0
C5974,2015.0
C5464,2015.0
C4339,2023.0
C4786,2018.0
C1292,2016.0
C5178,2022.0
C4593,2019.0
C4593,2019.0
C4593,2019.0
C3057,2017.0
C2842,2016.0
C1171,2016.0
C3540,2024.0
C4031,2023.0
C1242,2018.0
C5207,2022.0
C5709,2019.0
C4167,2021.0
C2727,2023.0
C5687,2021.0
C5451,2017.0
C4879,2019.0
C5267,2020.0
C4201,2015.0
C5260,2023.0
C5961,2017.0
C1115,2021.0
C5305,2019.0
C1860,2021.0
C1860,2021.0
C2384,2017.0
C1723,2019.0
C5920,2019.0
C3165,2016.0
C2374,2021.0
C2056,2023.0
C4767,2016.0
C1167,2019.0
C1167,2019.0
C1167,2019.0
C1167,2019.0
C1167,2019.0
C2107,2021.0
C1990,2024.0
C1047,2023.0
C5763,2019.0
C1208,2015.0
C5119,2015.0
C5956,2024.0
C3966,2016.0
C1707,2023.0
C3187,2018.0
C3375,2023.0
C3375,2023.0
C5963,2019.0
C5442,2021.0
C2777,2021.0
C5089,2015.0
C2925,2017.0
C3282,2020.0
C2302,2024.0
C1320,2018.0
C1235,2017.0
C5527,2016.0
C1288,2016.0
C3244,2017.0
C5187,2023.0
C4144,2023.0
C5179,2020.0
C2963,2023.0
C1809,2019.0
C2960,2020.0
C3449,2024.0
C5144,2022.0
C4814,2019.0
C5347,2020.0
C2636,2018.0
C4525,2015.0
C3459,2017.0
C1685,2022.0
C1874,2021.0
C5064,2019.0
C1994,2021.0
C2306,2019.0
C3139,2019.0
C1711,2021.0
C5719,2017.0
C5863,2024.0
C4040,2024.0
C3730,2022.0
C5749,2024.0
C5575,2021.0
C4323,2023.0
C2687,2022.0
C2726,2022.0
C1041,2017.0
C3516,2017.0
C3386,2023.0
C3279,2017.0
C4035,2021.0
C4966,2016.0
C5680,2017.0
C4667,2021.0
C3458,2017.0
C1297,2020.0
C4136,2016.0
C5750,2020.0
C2699,2016.0
C1298,2017.0
C5157,2020.0
C2060,2024.0
C3953,2021.0
C2270,2017.0
C1133,2019.0
C2094,2018.0
C5867,2020.0
C1237,2019.0
C3202,2023.0
C4130,2022.0
C1837,2016.0
C3986,2024.0
C4599,2019.0
C3157,2020.0
C2630,2024.0
C3756,2019.0
C4073,2019.0
C1402,2015.0
C1402,2015.0
C1402,2015.0
C1402,2015.0
C1402,2015.0
C2330,2021.0
C1832,2016.0
C1832,2016.0
C1832,2016.0
C4824,2020.0
C4982,2015.0
C4982,2015.0
C4982,2015.0
C3203,2016.0
C5096,2021.0
C3361,2017.0
C5601,2024.0
C2931,2022.0
C2627,2016.0
C3582,2019.0
C1272,2023.0
C3891,2020.0
C5102,2015.0
C1263,2024.0
C5423,2021.0
C5890,2022.0
C4155,2017.0
C4173,2021.0
C5381,2021.0
C4298,2023.0
C5036,2015.0
C1965,2016.0
C2539,2021.0
C3167,2023.0
C3665,2023.0
C3665,2023.0
C3665,2023.0
C3886,2016.0
C5167,2019.0
C2918,2024.0
C2640,2017.0
C2640,2017.0
C1512,2022.0
C4946,2022.0
C5747,2023.0
C5918,2024.0
C5918,2024.0
C3288,2016.0
C4650,2019.0
C2242,2017.0
C2242,2017.0
C4591,2019.0
C4465,2015.0
C3645,2019.0
C1658,2020.0
C5403,2024.0
C2229,2020.0
C3745,2016.0
C1649,2021.0
C5514,2022.0
C5514,2022.0
C5514,2022.0
C3145,2015.0
C3145,2015.0
C4483,2019.0
C1859,2019.0
C3291,2023.0
C2995,2022.0
C5910,2023.0
C4265,2017.0
C4313,2020.0
C1026,2018.0
C2605,2024.0
C3287,2016.0
C2811,2024.0
C4023,2019.0
C1697,2022.0
C3846,2022.0
C4617,2017.0
C1687,2017.0
C5237,2024.0
C3085,2024.0
C2690,2016.0
C2690,2016.0
C2690,2016.0
C1192,2022.0
C3122,2023.0
C3691,2015.0
C2914,2017.0
C5794,2015.0
C2505,2017.0
C1949,2021.0
C5874,2017.0
C1465,2015.0
C2203,2015.0
C4994,2023.0
C3267,2022.0
C3049,2021.0
C4727,2018.0
C4727,2018.0
C2593,2017.0
C1918,2020.0
C1918,2020.0
C1346,2020.0
C2553,2023.0
C1006,2016.0
C3831,2018.0
C3831,2018.0
C3831,2018.0
C4796,2024.0
C2589,2016.0
C5180,2021.0
C5169,2018.0
C5830,2021.0
C5882,2017.0
C1678,2016.0
C1747,2016.0
C1775,2020.0
C1775,2020.0
C1775,2020.0
C5734,2017.0
C4521,2024.0
C2873,2016.0
C5703,2016.0
C3266,2020.0
C3836,2023.0
C4791,2021.0
C2253,2015.0
C3415,2024.0
C4241,2020.0
C4241,2020.0
C4241,2020.0
C4241,2020.0
C1094,2017.0
C2743,2018.0
C4280,2021.0
C2395,2021.0
C3599,2017.0
C2586,2020.0
C1426,2022.0
C2350,2015.0
C2820,2024.0
C2820,2024.0
C2340,2019.0
C2748,2021.0
C2167,2015.0
C4909,2023.0
C5411,2017.0
C4137,2019.0
C5252,2022.0
C3923,2019.0
C5775,2018.0
C3720,2018.0
C2190,2021.0
C1899,2024.0
C1886,2022.0
C3567,2022.0
C2078,2019.0
C3737,2016.0
C4438,2024.0
C3223,2023.0
C3828,2024.0
C2322,2021.0
C1329,2020.0
C5221,2015.0
C5968,2018.0
C4798,2024.0
C2577,2019.0
C3027,2022.0
C4754,2017.0
C4227,2017.0
C5860,2019.0
C2132,2020.0
C4910,2022.0
C5438,2016.0
C5420,2019.0
C2831,2019.0
C3727,2015.0
C3727,2015.0
C3727,2015.0
C5999,2022.0
C1269,2015.0
C4718,2020.0
C3328,2021.0
C2173,2024.0
C5248,2023.0
C5729,2020.0
C3988,2017.0
C1969,2022.0
C1814,2016.0
C4526,2023.0
C2288,2018.0
C2356,2019.0
C2754,2017.0
C1663,2019.0
C4168,2020.0
C2516,2020.0
C3041,2017.0
C3041,2017.0
C3934,2016.0
C1561,2021.0
C5206,2020.0
C1537,2018.0
C1908,2023.0
C2975,2017.0
C4675,2021.0
C4675,2021.0
C4675,2021.0
C2152,2015.0
C5234,2018.0
C1032,2020.0
C1308,2023.0
C4894,2016.0
C3382,2017.0
C4180,2017.0
C4772,2021.0
C3870,2024.0
C5131,2017.0
C2782,2015.0
C5567,2023.0
C5198,2017.0
C5506,2017.0
C4609,2015.0
C5905,2017.0
C5588,2022.0
C3825,2023.0
C3767,2021.0
C2815,2021.0
C4829,2024.0
C5917,2023.0
C4216,2020.0
C3909,2017.0
C2375,2016.0
C2375,2016.0
C5155,2018.0
C5155,2018.0
C4553,2016.0
C4719,2017.0
C4124,2017.0
C1665,2017.0
C4425,2016.0
C5429,2016.0
C3365,2024.0
C3134,2022.0
C4041,2023.0
C5498,2016.0
C5812,2024.0
C3681,2023.0
C3109,2016.0
C5194,2019.0
C3402,2023.0
C3679,2015.0
C2411,2021.0
C3779,2015.0
C1824,2023.0
C5492,2017.0
C5699,2024.0
C1801,2023.0
C3219,2024.0
C1378,2015.0
C4402,2019.0
C2583,2023.0
C1330,2017.0
C1927,2024.0
C5929,2017.0
C4685,2024.0
C4345,2020.0
C4294,2023.0
C1120,2015.0
C1779,2021.0
C2403,2020.0
C1231,2022.0
C2468,2018.0
C5246,2018.0
C5246,2018.0
C3100,2024.0
C3933,2020.0
C2012,2018.0
C5634,2019.0
C2892,2018.0
C2216,2019.0
C1543,2023.0
C2866,2023.0
C2939,2020.0
C3199,2024.0
C2725,2022.0
C2969,2021.0
C1399,2016.0
C1650,2017.0
C5209,2022.0
C2631,2022.0
C1423,2021.0
C2035,2017.0
C3661,2022.0
C2616,2015.0
C5593,2020.0
C2442,2020.0
C4951,2020.0
C4193,2018.0
C5009,2017.0
C5006,2024.0
C1738,2024.0
C4269,2021.0
C3875,2022.0
C2702,2015.0
C3740,2016.0
C3355,2018.0
C5361,2015.0
C5793,2016.0
C5599,2024.0
C4739,2023.0
C4739,2023.0
C4739,2023.0
C1024,2020.0
C3913,2019.0
C1427,2021.0
C4450,2022.0
C1445,2020.0
C2867,2020.0
C3338,2024.0
C3256,2020.0
C1013,2016.0
C5029,2019.0
C4231,2016.0
C4005,2022.0
C5519,2017.0
C1365,2020.0
C5896,2016.0
C5473,2020.0
C3366,2018.0
C5942,2022.0
C3335,2018.0
C1008,2020.0
C4414,2017.0
C3364,2021.0
C3364,2021.0
C3364,2021.0
C3364,2021.0
C3364,2021.0
C4409,2019.0
C5737,2020.0
C4882,2023.0
C5766,2019.0
C2019,2021.0
C2146,2024.0
C1536,2023.0
C3104,2024.0
C1384,2020.0
C5443,2019.0
C1102,2015.0
C3456,2024.0
C4048,2017.0
C3712,2015.0
C4624,2018.0
C3108,2015.0
C1233,2021.0
C1670,2023.0
C5584,2019.0
C3541,2024.0
C2066,2022.0
C2248,2019.0
C4259,2022.0
C4400,2020.0
C2414,2015.0
C3083,2017.0
C1234,2024.0
C5073,2017.0
C4600,2022.0
C4163,2019.0
C5170,2019.0
C5276,2017.0
C4724,2020.0
C1239,2015.0
C4777,2015.0
C3318,2018.0
C2236,2015.0
C1392,2019.0
C3071,2017.0
C4344,2018.0
C4344,2018.0
C4344,2018.0
C5969,2015.0
C5503,2022.0
C1145,2015.0
C5059,2023.0
C1692,2016.0
C1703,2023.0
C1567,2015.0
C4408,2020.0
C1230,2024.0
C2708,2022.0
C4305,2024.0
C1335,2018.0
C1375,2017.0
C2037,2019.0
C3528,2015.0
C1476,2017.0
C3609,2022.0
C1653,2023.0
C3482,2018.0
C3482,2018.0
C4871,2023.0
C1709,2024.0
C2535,2023.0
C3466,2023.0
C4922,2018.0
C3844,2017.0
C4427,2023.0
C1787,2024.0
C1116,2018.0
C1098,2023.0
C5983,2024.0
C5106,2024.0
C5416,2020.0
C3490,2017.0
C3706,2018.0
C5449,2022.0
C2431,2021.0
C5365,2016.0
C1594,2020.0
C2977,2021.0
C1608,2024.0
C4678,2022.0
C1324,2022.0
C5204,2023.0
C2220,2020.0
C2619,2023.0
C1129,2021.0
C5900,2022.0
C5717,2020.0
C5877,2022.0
C5877,2022.0
C5877,2022.0
C5877,2022.0
C5877,2022.0
C5728,2020.0
C5728,2020.0
C4207,2020.0
C2081,2016.0
C3610,2023.0
C1121,2022.0
C2223,2018.0
C4338,2015.0
C4123,2022.0
C4797,2017.0
C2760,2019.0
C3797,2022.0
C3513,2017.0
C3513,2017.0
C4381,2019.0
C1467,2017.0
C5161,2024.0
C3793,2019.0
C1867,2018.0
C4590,2023.0
C5954,2017.0
C1109,2023.0
C1525,2020.0
C5037,2017.0
C3007,2023.0
C3380,2020.0
C3380,2020.0
C3512,2018.0
C4026,2017.0
C4182,2022.0
C4880,2024.0
C2436,2019.0
C2962,2023.0
C3344,2015.0
C5490,2020.0
C1492,2021.0
C3980,2023.0
C5132,2015.0
C1134,2022.0
C3053,2015.0
C3473,2020.0
C2814,2021.0
C1516,2018.0
C2482,2016.0
C5778,2024.0
C1679,2017.0
C3469,2019.0
C3469,2019.0
C3192,2021.0
C1319,2023.0
C3583,2021.0
C3347,2017.0
C4656,2019.0
C2706,2016.0
C2706,2016.0
C1993,2021.0
C5619,2024.0
C3754,2022.0
C4496,2017.0
C1606,2019.0
C2420,2018.0
C2762,2018.0
C5718,2016.0
C2114,2024.0
C3174,2022.0
C4016,2017.0
C3795,2016.0
C2149,2021.0
C2847,2019.0
C3339,2023.0
C1701,2016.0
C1588,2023.0
C3956,2022.0
C1111,2021.0
C4850,2016.0
C3893,2018.0
C5233,2024.0
C5319,2015.0
C4832,2016.0
C2868,2022.0
C2844,2015.0
C5561,2024.0
C3332,2019.0
C5317,2017.0
C2889,2016.0
C1244,2023.0
C2042,2023.0
C3084,2020.0
C1641,2024.0
C3686,2017.0
C5887,2022.0
C4664,2022.0
C2076,2024.0
C1638,2023.0
C4336,2023.0
C2212,2024.0
C1733,2023.0
C1890,2021.0
C3965,2021.0
C5678,2018.0
C4426,2024.0
C2813,2024.0
C1424,2018.0
C2494,2015.0
C2635,2019.0
C3616,2016.0
C3561,2024.0
C4396,2018.0
C3994,2016.0
C3994,2016.0
C3994,2016.0
C3994,2016.0
C5893,2022.0
C5205,2015.0
C4068,2016.0
C1182,2018.0
C4959,2020.0
C5670,2020.0
C2807,2019.0
C4954,2019.0
C5292,2021.0
C3805,2019.0
C3434,2016.0
C3006,2016.0
C4708,2022.0
C5108,2020.0
C3719,2018.0
C2816,2020.0
C2816,2020.0
C2816,2020.0
C3635,2016.0
C2700,2017.0
C1615,2021.0
C1345,2023.0
C4921,2022.0
C1764,2015.0
C3439,2023.0
C4027,2020.0
C4245,2015.0
C5928,2019.0
C4417,2022.0
C4592,2020.0
C4584,2022.0
C5818,2024.0
C3158,2016.0
C4653,2017.0
C2370,2020.0
C1816,2017.0
C2697,2022.0
C2948,2024.0
C1511,2018.0
C5364,2020.0
C3676,2019.0
C4009,2018.0
C4618,2020.0
C3493,2017.0
C5375,2018.0
C5375,2018.0
C2835,2016.0
C2992,2020.0
C1805,2016.0
C5300,2023.0
C4399,2019.0
C2861,2018.0
C5488,2015.0
C2316,2017.0
C3878,2017.0
C5571,2015.0
C2826,2016.0
C3271,2018.0
C3642,2015.0
C5926,2020.0
C1079,2024.0
C2045,2024.0
C2552,2021.0
C1325,2021.0
C4903,2022.0
C2079,2020.0
C1770,2019.0
C3911,2020.0
C4324,2020.0
C2383,2019.0
C1714,2022.0
C3958,2022.0
C1107,2024.0
C4807,2024.0
C2986,2021.0
C3955,2019.0
C4902,2017.0
C3537,2017.0
C2073,2023.0
C4557,2022.0
C4443,2021.0
C5685,2015.0
C3293,2022.0
C1331,2024.0
C2362,2021.0
C1039,2019.0
C5838,2024.0
C4487,2016.0
C1928,2016.0
C2809,2015.0
C2497,2019.0
C4321,2023.0
C4495,2015.0
C3453,2020.0
C5605,2022.0
C3130,2021.0
C4066,2023.0
C5225,2016.0
C2755,2016.0
C1732,2020.0
C3532,2016.0
C2507,2017.0
C1513,2017.0
C5279,2020.0
C3592,2017.0
C1194,2024.0
C2492,2015.0
C4316,2023.0
C3990,2024.0
C5903,2015.0
C5907,2024.0
C3743,2022.0
C1491,2021.0
C3305,2016.0
C1761,2016.0
C1551,2021.0
C5836,2024.0
C2544,2019.0
C2318,2021.0
C3398,2017.0
C4491,2023.0
C3633,2023.0
C5677,2024.0
C3983,2020.0
C4707,2018.0
C3470,2022.0
C4870,2015.0
C2686,2017.0
C2376,2020.0
C4082,2015.0
C5951,2015.0
C1009,2018.0
C2498,2016.0
C2568,2015.0
C4973,2022.0
C5482,2015.0
C1097,2022.0
C5645,2020.0
C3230,2022.0
C2684,2020.0
C3526,2017.0
C1829,2019.0
C3915,2021.0
C4455,2023.0
C1166,2017.0
C3769,2018.0
C1450,2021.0
C4301,2024.0
C4749,2015.0
C3746,2019.0
C2792,2020.0
C5338,2015.0
C3892,2019.0
C3304,2015.0
C5659,2024.0
C5063,2018.0
C2961,2016.0
C2566,2022.0
C2285,2019.0
C2009,2019.0
C4456,2024.0
C2429,2020.0
C3843,2020.0
C2878,2015.0
C2878,2015.0
C2878,2015.0
C2878,2015.0
C1897,2015.0
C4360,2020.0
C4619,2017.0
C1493,2021.0
C4237,2020.0
C4237,2020.0
C1125,2021.0
C3856,2017.0
C3550,2018.0
C2310,2020.0
C1059,2015.0
C4497,2019.0
C2710,2023.0
C4369,2018.0
C5540,2024.0
C5962,2019.0
C5941,2015.0
C1458,2022.0
C2799,2021.0
C5138,2015.0
C3821,2021.0
C3800,2022.0
C5190,2022.0
C1212,2016.0
C1474,2023.0
C3405,2017.0
C4947,2023.0
C5352,2023.0
C4416,2018.0
C3511,2024.0
C1664,2024.0
C3652,2019.0
C5065,2017.0
C3618,2021.0
C4720,2024.0
C2311,2019.0
C4512,2022.0
C5404,2020.0
C4836,2024.0
C3877,2017.0
C5396,2023.0
C3576,2024.0
C3775,2017.0
C5465,2019.0
C1018,2019.0
C3160,2017.0
C5329,2024.0
C1857,2021.0
C1376,2024.0
C3519,2023.0
C4199,2015.0
C2514,2022.0
C4410,2015.0
C5574,2016.0
C4862,2021.0
C4996,2021.0
C3283,2017.0
C3283,2017.0
C2883,2016.0
C2681,2016.0
C2428,2019.0
C1742,2017.0
C2283,2015.0
C1000,2019.0
C3957,2016.0
C3879,2020.0
C2750,2018.0
C5321,2024.0
C4933,2016.0
C3196,2016.0
C1792,2018.0
C2164,2015.0
C2721,2019.0
C1276,2019.0
C1681,2019.0
C3444,2024.0
C5140,2015.0
C2954,2015.0
C1051,2022.0
C3750,2015.0
C2688,2019.0
C4358,2019.0
C2565,2021.0
C5220,2020.0
C1197,2016.0
C1446,2019.0
C5816,2023.0
C4306,2023.0
C3240,2015.0
C5415,2021.0
C1347,2023.0
C3968,2018.0
C5597,2016.0
C5333,2019.0
C5297,2021.0
C4755,2016.0
C1544,2020.0
C1715,2018.0
C4752,2020.0
C2825,2024.0
C1340,2024.0
C5405,2016.0
C3802,2024.0
C3517,2016.0
C1782,2019.0
C2219,2022.0
C3345,2022.0
C5000,2023.0
C3352,2016.0
C5447,2020.0
C1854,2015.0
C5018,2016.0
C1592,2017.0
C1922,2020.0
C1869,2021.0
C3232,2017.0
C1473,2017.0
C1584,2017.0
C5353,2023.0
C5353,2023.0
C5353,2023.0
C5589,2015.0
C3551,2020.0
C4129,2015.0
C5430,2023.0
C5817,2019.0
C1174,2022.0
C5054,2016.0
C5452,2024.0
C4250,2021.0
C5304,2024.0
C5304,2024.0
C3357,2018.0
C5211,2018.0
C2095,2018.0
C1209,2021.0
C1209,2021.0
C5470,2018.0
C3943,2019.0
C2381,2024.0
C3991,2024.0
C5637,2022.0
C5851,2020.0
C2432,2019.0
C4819,2022.0
C3978,2023.0
C3523,2020.0
C5222,2017.0
C4440,2023.0
C1610,2021.0
C1063,2015.0
C3069,2018.0
C2388,2022.0
C3327,2023.0
C5121,2023.0
C4113,2016.0
C1270,2024.0
C1885,2023.0
C3597,2016.0
C4833,2016.0
C1155,2018.0
C2943,2015.0
C3783,2021.0
C5184,2015.0
C3546,2018.0
C2769,2015.0
C4535,2015.0
C3497,2016.0
C3497,2016.0
C3497,2016.0
C4841,2020.0
C2213,2019.0
C2851,2020.0
C2851,2020.0
C2851,2020.0
C2851,2020.0
C2950,2024.0
C1730,2024.0
C5183,2021.0
C2338,2020.0
C1564,2016.0
C4605,2018.0
C5868,2019.0
C2312,2016.0
C5348,2024.0
C2413,2022.0
C2184,2018.0
C4569,2023.0
C3917,2021.0
C3281,2017.0
C1963,2023.0
C3168,2019.0
C3300,2019.0
C2326,2023.0
C4890,2023.0
C1765,2024.0
C5945,2018.0
C1784,2019.0
C5346,2017.0
C5062,2015.0
C1887,2021.0
C1737,2023.0
C4560,2023.0
C1639,2024.0
C1589,2024.0
C1243,2015.0
C1141,2018.0
C2785,2020.0
C3212,2015.0
C1725,2024.0
C4551,2022.0
C5797,2020.0
C5797,2020.0
C1451,2024.0
C2367,2018.0
C3809,2017.0
C2945,2024.0
C3650,2020.0
C3753,2020.0
C1123,2024.0
C4997,2017.0
C3200,2019.0
C1337,2017.0
C3920,2018.0
C5231,2017.0
C3385,2016.0
C4558,2019.0
C4458,2020.0
C5379,2015.0
C4462,2021.0
C4383,2021.0
C3089,2024.0
C1200,2018.0
C4895,2021.0
C5788,2021.0
C2325,2019.0
C2534,2023.0
C1827,2018.0
C2145,2016.0
C3079,2018.0
C5695,2022.0
C5228,2023.0
C4531,2023.0
C3396,2024.0
C3634,2022.0
C1309,2023.0
C5080,2022.0
C4378,2021.0
C1316,2023.0
C3438,2016.0
C1769,2018.0
C1769,2018.0
C2784,2023.0
C5229,2015.0
C3406,2022.0
C4122,2021.0
C3993,2016.0
C3464,2023.0
C2532,2022.0
C2241,2022.0
C3341,2015.0
C5454,2015.0
C3217,2022.0
C5250,2019.0
C1505,2016.0
C1447,2022.0
C4509,2021.0
C1250,2021.0
C4459,2021.0
C3476,2020.0
C1461,2024.0
C2378,2017.0
C1262,2020.0
C3498,2016.0
C4566,2023.0
C3068,2017.0
C5270,2020.0
C5022,2019.0
C4281,2023.0
C5505,2019.0
C5395,2021.0
C4766,2019.0
C1113,2019.0
C4835,2015.0
C2570,2017.0
C5092,2018.0
C2307,2022.0
C1977,2017.0
C5079,2023.0
C1245,2023.0
C1871,2018.0
C4191,2015.0
C3664,2022.0
C5193,2016.0
C2853,2021.0
C2956,2021.0
C5686,2017.0
C1951,2021.0
C3835,2020.0
C4272,2017.0
C3471,2021.0
C5087,2018.0
C2560,2022.0
C1716,2016.0
C4341,2015.0
C5128,2017.0
C2217,2022.0
C2118,2018.0
C3839,2023.0
C3572,2015.0
C5614,2016.0
C5510,2024.0
C5337,2024.0
C4945,2017.0
C5531,2018.0
C1172,2019.0
C2965,2015.0
C2537,2017.0
C2298,2021.0
C2798,2016.0
C2525,2019.0
C5354,2023.0
C2274,2017.0
C3440,2016.0
C1607,2016.0
C5952,2023.0
C5805,2021.0
C4152,2021.0
C3077,2020.0
C3653,2023.0
C4047,2018.0
C1777,2019.0
C4974,2017.0
C3204,2023.0
C5753,2019.0
C3553,2019.0
C4445,2022.0
C2426,2022.0
C4010,2018.0
C1468,2016.0
C3830,2016.0
C1300,2016.0
C2600,2018.0
C3811,2016.0
C1549,2015.0
C5440,2018.0
C1002,2018.0
C3579,2019.0
C5075,2015.0
C4132,2023.0
C1975,2016.0
C3862,2015.0
C1459,2016.0
C1105,2024.0
C3834,2016.0
C1748,2023.0
C3033,2022.0
C5051,2022.0
C2197,2022.0
C2161,2021.0
C5840,2017.0
C3733,2020.0
C2617,2021.0
C4725,2015.0
C3884,2020.0
C4233,2018.0
C2265,2021.0
C3690,2023.0
C1241,2018.0
C2698,2023.0
C4146,2017.0
C1772,2020.0
C3799,2016.0
C5586,2017.0
C3176,2017.0
C4866,2024.0
C4390,2022.0
C5129,2018.0
C2004,2016.0
C2585,2017.0
C4171,2016.0
C5069,2023.0
C1680,2019.0
C5980,2024.0
C4211,2017.0
C5130,2023.0
C2637,2023.0
C2863,2020.0
C5210,2019.0
C4549,2016.0
C2692,2020.0
C5612,2020.0
C5476,2024.0
C2998,2023.0
C4564,2024.0
C1091,2018.0
C5515,2019.0
C4419,2016.0
C5508,2021.0
C1149,2017.0
C2675,2023.0
C3631,2018.0
C5398,2023.0
C2162,2022.0
C4492,2022.0
C1696,2018.0
C4787,2023.0
C4830,2016.0
C4256,2022.0
C1186,2016.0
C1552,2023.0
C2309,2022.0
C5385,2016.0
C2484,2018.0
C1322,2015.0
C5331,2015.0
C3510,2019.0
C3833,2016.0
C3833,2016.0
C3833,2016.0
C5351,2021.0
C1530,2017.0
C1303,2017.0
C3520,2024.0
C2982,2019.0
C5833,2020.0
C3491,2015.0
C1959,2016.0
C5100,2021.0
C4064,2023.0
C2639,2018.0
C5692,2020.0
C3662,2021.0
C4668,2024.0
C5823,2021.0
C5149,2018.0
C5710,2020.0
C1137,2024.0
C3890,2017.0
C1717,2016.0
C4223,2016.0
C2251,2020.0
C5756,2024.0
C2014,2017.0
C3587,2022.0
C5118,2023.0
C2304,2019.0
C4690,2019.0
C2258,2018.0
C4971,2017.0
C1841,2024.0
C1642,2016.0
C1815,2021.0
C3949,2016.0
C2339,2016.0
C1127,2017.0
C3804,2020.0
C2800,2022.0
C2061,2018.0
C2737,2015.0
C2896,2024.0
C1659,2017.0
C2170,2023.0
C4536,2024.0
C2113,2020.0
C1471,2020.0
C3350,2024.0
C3143,2019.0
C3036,2017.0
C1161,2024.0
C3757,2024.0
C5807,2018.0
C4808,2018.0
C4961,2018.0
C1185,2019.0
C1721,2016.0
C2994,2018.0
C4348,2017.0
C1349,2024.0
C1906,2020.0
C5696,2015.0
C2594,2019.0
C3947,2017.0
C4097,2017.0
C4169,2017.0
C3596,2019.0
C1535,2023.0
C3646,2018.0
C3855,2024.0
C3970,2021.0
C3384,2019.0
C4412,2021.0
C5528,2024.0
C2222,2015.0
C4694,2016.0
C1522,2018.0
C3424,2019.0
C2971,2023.0
C2020,2019.0
C3543,2015.0
C2529,2016.0
C1947,2024.0
C5509,2021.0
C5010,2018.0
C1973,2017.0
C3861,2023.0
C4687,2016.0
C1591,2022.0
C4595,2018.0
C4662,2024.0
C2678,2021.0
C1917,2018.0
C1271,2020.0
C5909,2018.0
C1217,2018.0
C4517,2020.0
C3238,2023.0
C4442,2015.0
C3066,2020.0
C5849,2016.0
C4481,2016.0
C5152,2021.0
C5802,2020.0
C4138,2015.0
C1651,2023.0
C4561,2019.0
C1085,2020.0
C4700,2023.0
C5240,2024.0
C5549,2016.0
C5168,2024.0
C4642,2020.0
C2459,2021.0
C5471,2015.0
C1613,2024.0
C3101,2016.0
C3454,2015.0
C5282,2015.0
C5414,2022.0
C1187,2020.0
C1096,2017.0
C5629,2016.0
C1684,2024.0
C1636,2015.0
C5393,2023.0
C1771,2021.0
C3563,2015.0
C2424,2019.0
C5853,2019.0
C4733,2018.0
C4984,2017.0
C4540,2023.0
C2136,2021.0
C4195,2022.0
C1616,2016.0
C2595,2017.0
C2182,2015.0
C3736,2023.0
C2308,2017.0
C2308,2017.0
C2254,2020.0
C4270,2018.0
C4377,2016.0
C2048,2015.0
C1864,2017.0
C5104,2023.0
C2083,2021.0
C3113,2021.0
C3329,2023.0
C4594,2022.0
C4846,2024.0
C1984,2018.0
C1201,2023.0
C2441,2024.0
C5558,2020.0
C1294,2023.0
C4774,2017.0
C4682,2016.0
C1229,2015.0
C1602,2019.0
C3594,2016.0
C4500,2024.0
C1976,2016.0
C4837,2021.0
C5517,2020.0
C4640,2016.0
C4878,2020.0
C2511,2019.0
C4729,2020.0
C3213,2018.0
C3418,2024.0
C1880,2015.0
C5915,2015.0
C5731,2021.0
C4058,2015.0
C3773,2016.0
C3257,2022.0
C3549,2019.0
C1456,2019.0
C5535,2017.0
C4696,2015.0
C5708,2020.0
C1486,2018.0
C2592,2024.0
C3009,2020.0
C4826,2017.0
C3559,2024.0
C5878,2019.0
C5378,2016.0
C1634,2022.0
C1510,2020.0
C1627,2017.0
C3397,2017.0
C5199,2018.0
C3381,2024.0
C5012,2015.0
C4106,2019.0
C5189,2017.0
C5299,2017.0
C2323,2021.0
C1686,2024.0
C4244,2019.0
C5940,2018.0
C1390,2022.0
C4823,2018.0
C3713,2024.0
C1443,2019.0
C3926,2018.0
C2016,2019.0
C4688,2024.0
C4254,2015.0
C5487,2017.0
C1374,2018.0
C2329,2016.0
C5024,2020.0
C5355,2015.0
C3774,2019.0
C3129,2024.0
C2720,2019.0
C2272,2018.0
C1676,2015.0
C4217,2015.0
C2874,2021.0
C3655,2020.0
C4472,2021.0
C3630,2018.0
C5582,2016.0
C4096,2016.0
C2284,2018.0
C5790,2022.0
C2485,2024.0
C2985,2018.0
C1053,2016.0
C1799,2018.0
C4413,2020.0
C1082,2018.0
C2230,2016.0
C1866,2020.0
C5762,2024.0
C5402,2019.0
C1249,2015.0
C3515,2019.0
C4756,2020.0
C3682,2022.0
C5671,2019.0
C1411,2015.0
C1470,2020.0
C5608,2021.0
C5150,2018.0
C2026,2017.0
C4257,2020.0
C2778,2018.0
C1196,2024.0
C2202,2024.0
C3505,2021.0
C3791,2018.0
C5288,2022.0
C5831,2024.0
C4046,2019.0
C5767,2019.0
C2033,2020.0
C3201,2016.0
C2509,2021.0
C4891,2018.0
C1790,2017.0
C4024,2015.0
C5084,2018.0
C5723,2015.0
C1183,2022.0
C5025,2019.0
C1718,2015.0
C4721,2023.0
C3910,2017.0
C1532,2022.0
C2372,2019.0
C4812,2023.0
C1323,2020.0
C5153,2024.0
C5715,2020.0
C5697,2019.0
C3297,2018.0
C2981,2020.0
C4985,2022.0
C4022,2024.0
C5585,2024.0
C2703,2020.0
C2127,2017.0
C4273,2016.0
C4615,2016.0
C3018,2023.0
C4884,2015.0
C3359,2020.0
C4908,2016.0
C2758,2021.0
C3876,2018.0
C5145,2018.0
C1313,2020.0
C1184,2017.0
C1728,2024.0
C4118,2015.0
C5662,2017.0
C3971,2016.0
C3325,2016.0
C3099,2017.0
C5577,2023.0
C2499,2019.0
C3017,2023.0
C5311,2017.0
C2344,2016.0
C2178,2024.0
C5474,2020.0
C2214,2016.0
C5435,2019.0
C5698,2022.0
C5342,2020.0
C2788,2022.0
C1645,2020.0
C2859,2017.0
C3606,2024.0
C1847,2016.0
C2765,2018.0
C1677,2023.0
C1597,2015.0
C4794,2023.0
C4333,2016.0
C2723,2015.0
C1472,2023.0
C3637,2020.0
C2734,2022.0
C2001,2015.0
C4268,2021.0
C1989,2016.0
C1350,2021.0
C4942,2016.0
C5407,2023.0
C3685,2016.0
C5052,2024.0
C1136,2017.0
C2978,2023.0
C5819,2017.0
C5813,2020.0
C3272,2024.0
C4874,2024.0
C1998,2015.0
C3726,2015.0
C2166,2020.0
C3759,2017.0
C3570,2020.0
C3306,2016.0
C3346,2024.0
C4979,2020.0
C1925,2016.0
C2923,2019.0
C4000,2022.0
C2488,2015.0
C5334,2024.0
C4958,2017.0
C5799,2018.0
C1080,2024.0
C3142,2018.0
C5707,2017.0
C2071,2022.0
C3739,2022.0
C5076,2023.0
C5048,2024.0
C4746,2019.0
C2460,2018.0
C1862,2016.0
C4120,2022.0
C5642,2023.0
C1995,2018.0
C3578,2021.0
C4937,2024.0
C3718,2018.0
C2416,2023.0
C5828,2022.0
C4926,2020.0
C5572,2015.0
C4200,2018.0
C5281,2018.0
C1438,2020.0
C2823,2019.0
C3388,2016.0
C5494,2017.0
C1425,2016.0
C5563,2015.0
C3246,2016.0
C4347,2023.0
C2034,2015.0
C5244,2015.0
C5318,2016.0
C1999,2019.0
C2131,2018.0
TSLA,2020.0
TSLA,2021.0
TSLA,2022.0
MSFT,2020.0
MSFT,2021.0
MSFT,2022.0
AAPL,2020.0
AAPL,2021.0
AAPL,2022.0
dis,2022.0
gm,2022.0
gww,2022.0
mhk,2022.0
lyv,2022.0
lvs,2022.0
clx,2022.0
aacg,2022.0
aal,2022.0
aame,2022.0
aaoi,2022.0
aaon,2022.0
aapl,2022.0
aatc,2022.0
aaww,2022.0
aaci,2022.0
aadi,2022.0
abeo,2022.0
abnb,2022.0
abio,2022.0
abmd,2022.0
abos,2022.0
absi,2022.0
abtx,2022.0
abus,2022.0
abvc,2022.0
acad,2022.0
acac,2022.0
accd,2022.0
acet,2022.0
abcl,2022.0
abcb,2022.0
acev,2022.0
achl,2022.0
achc,2022.0
aciw,2022.0
acls,2022.0
aciu,2022.0
achv,2022.0
acmr,2022.0
acor,2022.0
acnb,2022.0
acrs,2022.0
acrx,2022.0
act,2022.0
actg,2022.0
acva,2022.0
adag,2022.0
acxp,2022.0
adbe,2022.0
adap,2022.0
adma,2022.0
ades,2022.0
adi,2022.0
adil,2022.0
admp,2022.0
acer,2022.0
adoc,2022.0
adus,2022.0
acgl,2022.0
adpt,2022.0
adsk,2022.0
adp,2022.0
adtx,2022.0
adv,2022.0
advm,2022.0
aehr,2022.0
aehl,2022.0
aei,2022.0
aeis,2022.0
aep,2022.0
aemd,2022.0
aese,2022.0
aeye,2022.0
aeri,2022.0
aey,2022.0
afaq,2022.0
afmd,2022.0
afcg,2022.0
afbi,2022.0
afrm,2022.0
afib,2022.0
agen,2022.0
afya,2022.0
agfs,2022.0
agfy,2022.0
agil,2022.0
agmh,2022.0
agio,2022.0
agle,2022.0
agnc,2022.0
agri,2022.0
agrx,2022.0
agys,2022.0
agtc,2022.0
ahco,2022.0
ahpi,2022.0
aib,2022.0
adtn,2022.0
adn,2022.0
aiki,2022.0
akic,2022.0
aip,2022.0
akro,2022.0
airt,2022.0
aimc,2022.0
akba,2022.0
airg,2022.0
airs,2022.0
akam,2022.0
aku,2022.0
akus,2022.0
akts,2022.0
aktx,2022.0
albo,2022.0
akya,2022.0
alco,2022.0
aldx,2022.0
alec,2022.0
algm,2022.0
alf,2022.0
algn,2022.0
algs,2022.0
alhc,2022.0
alks,2022.0
alim,2022.0
algt,2022.0
aih,2022.0
alkt,2022.0
alny,2022.0
allt,2022.0
allo,2022.0
amat,2022.0
amd,2022.0
atvi,2022.0
avgo,2022.0
anss,2022.0
amzn,2022.0
aihs,2022.0
apa,2022.0
biib,2022.0
bkng,2022.0
cdns,2022.0
cdw,2022.0
chrw,2022.0
cinf,2022.0
chtr,2022.0
cmcsa,2022.0
cprt,2022.0
cost,2022.0
csx,2022.0
ctsh,2022.0
cme,2022.0
csco,2022.0
ctas,2022.0
ctxs,2022.0
czr,2022.0
dish,2022.0
dltr,2022.0
dxcm,2022.0
ea,2022.0
lnt,2022.0
fang,2022.0
ebay,2022.0
lkq,2022.0
googl,2022.0
mar,2022.0
mchp,2022.0
lrcx,2022.0
mdlz,2022.0
meta,2022.0
mktx,2022.0
mnst,2022.0
mrna,2022.0
mtch,2022.0
mpwr,2022.0
msft,2022.0
mu,2022.0
ndaq,2022.0
nlok,2022.0
ntrs,2022.0
nwl,2022.0
nvda,2022.0
allk,2022.0
nwsa,2022.0
odfl,2022.0
pcar,2022.0
nxpi,2022.0
orly,2022.0
payx,2022.0
pfg,2022.0
rost,2022.0
sbac,2022.0
qcom,2022.0
pool,2022.0
pep,2022.0
sbux,2022.0
reg,2022.0
qrvo,2022.0
ptc,2022.0
penn,2022.0
pypl,2022.0
regn,2022.0
amgn,2022.0
snps,2022.0
stx,2022.0
tech,2022.0
ter,2022.0
swks,2022.0
trmb,2022.0
trow,2022.0
ttwo,2022.0
tsla,2022.0
tsco,2022.0
txn,2022.0
tmus,2022.0
ual,2022.0
vrsk,2022.0
ulta,2022.0
vrtx,2022.0
vtrs,2022.0
vrsn,2022.0
wba,2022.0
ntap,2022.0
xel,2022.0
xray,2022.0
zbra,2022.0
aap,2022.0
zion,2022.0
wynn,2022.0
a,2022.0
abbv,2022.0
abc,2022.0
adm,2022.0
abt,2022.0
aee,2022.0
aes,2022.0
afl,2022.0
acn,2022.0
ajg,2022.0
aiz,2022.0
alk,2022.0
alb,2022.0
aig,2022.0
all,2022.0
alle,2022.0
amp,2022.0
ame,2022.0
amt,2022.0
aos,2022.0
apd,2022.0
aon,2022.0
anet,2022.0
aph,2022.0
ato,2022.0
awk,2022.0
are,2022.0
aptv,2022.0
avb,2022.0
avy,2022.0
ba,2022.0
bac,2022.0
bax,2022.0
bbwi,2022.0
bdx,2022.0
bio,2022.0
bby,2022.0
bk,2022.0
axp,2022.0
br,2022.0
bmy,2022.0
bro,2022.0
azo,2022.0
bsx,2022.0
bx,2022.0
bxp,2022.0
sivb,2022.0
c,2022.0
cat,2022.0
carr,2022.0
cbre,2022.0
cci,2022.0
cday,2022.0
cma,2022.0
dhi,2022.0
dov,2022.0
dri,2022.0
ce,2022.0
dg,2022.0
cmg,2022.0
dgx,2022.0
ccl,2022.0
chd,2022.0
dow,2022.0
dfs,2022.0
duk,2022.0
dre,2022.0
cf,2022.0
dvn,2022.0
ecl,2022.0
hd,2022.0
dte,2022.0
eix,2022.0
glw,2022.0
dva,2022.0
wdc,2022.0
gs,2022.0
dxc,2022.0
etn,2022.0
ed,2022.0
hsy,2022.0
jnj,2022.0
jpm,2022.0
ko,2022.0
kmx,2022.0
ldos,2022.0
leg,2022.0
mcd,2022.0
lin,2022.0
lumn,2022.0
lyb,2022.0
mco,2022.0
mck,2022.0
mas,2022.0
low,2022.0
mdt,2022.0
mkc,2022.0
met,2022.0
mgm,2022.0
mmc,2022.0
mo,2022.0
bwa,2022.0
mrk,2022.0
mro,2022.0
mpc,2022.0
ms,2022.0
mtb,2022.0
mtd,2022.0
msi,2022.0
nee,2022.0
msci,2022.0
nclh,2022.0
ni,2022.0
noc,2022.0
now,2022.0
nue,2022.0
nlsn,2022.0
nsc,2022.0
nvr,2022.0
pgr,2022.0
pfe,2022.0
phm,2022.0
ph,2022.0
pki,2022.0
pld,2022.0
ppg,2022.0
psa,2022.0
pnc,2022.0
pm,2022.0
pkg,2022.0
psx,2022.0
pru,2022.0
pnr,2022.0
pnw,2022.0
ppl,2022.0
pwr,2022.0
rjf,2022.0
rf,2022.0
rcl,2022.0
rl,2022.0
pvh,2022.0
rhi,2022.0
pxd,2022.0
rol,2022.0
rmd,2022.0
schw,2022.0
rok,2022.0
tdg,2022.0
see,2022.0
rop,2022.0
swk,2022.0
stz,2022.0
syk,2022.0
syy,2022.0
shw,2022.0
spgi,2022.0
ste,2022.0
syf,2022.0
spg,2022.0
sre,2022.0
so,2022.0
stt,2022.0
sna,2022.0
rtx,2022.0
hig,2022.0
tel,2022.0
tfx,2022.0
tfc,2022.0
tdy,2022.0
tgt,2022.0
tjx,2022.0
tpr,2022.0
trv,2022.0
tmo,2022.0
tt,2022.0
tsn,2022.0
tyl,2022.0
txt,2022.0
unh,2022.0
ups,2022.0
udr,2022.0
uhs,2022.0
mos,2022.0
usb,2022.0
uri,2022.0
vno,2022.0
vlo,2022.0
vfc,2022.0
v,2022.0
vtr,2022.0
vmc,2022.0
wec,2022.0
well,2022.0
wat,2022.0
wm,2022.0
wab,2022.0
wmb,2022.0
wfc,2022.0
whr,2022.0
wst,2022.0
wrb,2022.0
wmt,2022.0
wu,2022.0
yum,2022.0
xyl,2022.0
wy,2022.0
wrk,2022.0
xom,2022.0
zbh,2022.0
zts,2022.0
de,2022.0
dd,2022.0
d,2022.0
cvs,2022.0
dal,2022.0
crm,2022.0
cvx,2022.0
ctva,2022.0
ctra,2022.0
ctlt,2022.0
cpb,2022.0
crl,2022.0
cop,2022.0
coo,2022.0
cof,2022.0
cnc,2022.0
cnp,2022.0
cms,2022.0
cmi,2022.0
cl,2022.0
mmm,2022.0
cfg,2022.0
cag,2022.0
ci,2022.0
cah,2022.0
ma,2022.0
lw,2022.0
maa,2022.0
mlm,2022.0
luv,2022.0
lnc,2022.0
len,2022.0
pg,2022.0
ogn,2022.0
oxy,2022.0
dell,2022.0
payc,2022.0
peg,2022.0
oke,2022.0
nrg,2022.0
l,2022.0
omc,2022.0
orcl,2022.0
o,2022.0
dpz,2022.0
t,2022.0
unp,2022.0
nem,2022.0
fdx,2022.0
nke,2022.0
f,2022.0
lmt,2022.0
rsg,2022.0
enph,2022.0
exc,2022.0
expd,2022.0
expe,2022.0
fast,2022.0
ffiv,2022.0
fisv,2022.0
eqix,2022.0
ftnt,2022.0
etsy,2022.0
ben,2022.0
dlr,2022.0
dhr,2022.0
efx,2022.0
el,2022.0
emn,2022.0
emr,2022.0
eog,2022.0
eqr,2022.0
es,2022.0
ess,2022.0
fitb,2022.0
etr,2022.0
exr,2022.0
ew,2022.0
foxa,2022.0
fcx,2022.0
fe,2022.0
flt,2022.0
fis,2022.0
frc,2022.0
fmc,2022.0
frt,2022.0
ftv,2022.0
gps,2022.0
grmn,2022.0
it,2022.0
lly,2022.0
re,2022.0
evrg,2022.0
fbhs,2022.0
gild,2022.0
holx,2022.0
hsic,2022.0
hon,2022.0
hst,2022.0
gd,2022.0
has,2022.0
hban,2022.0
gl,2022.0
gpc,2022.0
gnrc,2022.0
gpn,2022.0
hca,2022.0
hbi,2022.0
hii,2022.0
hpe,2022.0
hes,2022.0
hlt,2022.0
hrl,2022.0
hpq,2022.0
hum,2022.0
hwm,2022.0
peak,2022.0
gis,2022.0
ge,2022.0
spot,2022.0
trtn,2022.0
trtx,2022.0
tru,2022.0
yeti,2022.0
yelp,2022.0
yext,2022.0
spr,2022.0
ysg,2022.0
yrd,2022.0
yumc,2022.0
trox,2022.0
zepp,2022.0
zev,2022.0
zuo,2022.0
zim,2022.0
zyme,2022.0
zws,2022.0
you,2022.0
zen,2022.0
plxs,2022.0
ship,2022.0
shls,2022.0
shoo,2022.0
shyf,2022.0
sibn,2022.0
sieb,2022.0
plya,2022.0
wwe,2022.0
pmcb,2022.0
www,2022.0
xhr,2022.0
x,2022.0
xpev,2022.0
xpo,2022.0
xin,2022.0
xl,2022.0
xyf,2022.0
y,2022.0
yala,2022.0
wts,2022.0
sien,2022.0
hain,2022.0
mtc,2022.0
mtcr,2022.0
mtem,2022.0
mtls,2022.0
mtex,2022.0
mtrx,2022.0
halo,2022.0
hall,2022.0
mvbf,2022.0
mvst,2022.0
mvis,2022.0
mxct,2022.0
mygn,2022.0
myfw,2022.0
mxl,2022.0
mymd,2022.0
myps,2022.0
mttr,2022.0
mtsi,2022.0
clro,2022.0
clsn,2022.0
gure,2022.0
gvp,2022.0
gyro,2022.0
gwrs,2022.0
ha,2022.0
clsk,2022.0
clsd,2022.0
haac,2022.0
hafc,2022.0
clst,2022.0
clwt,2022.0
clxt,2022.0
cmbm,2022.0
cmco,2022.0
evk,2022.0
clvs,2022.0
clvr,2022.0
happ,2022.0
hbcp,2022.0
hbio,2022.0
hbnc,2022.0
hbt,2022.0
hcat,2022.0
hcar,2022.0
harp,2022.0
hayn,2022.0
pnbk,2022.0
hcdi,2022.0
hcci,2022.0
pnfp,2022.0
pnt,2022.0
poai,2022.0
pola,2022.0
podd,2022.0
powi,2022.0
poww,2022.0
pnrg,2022.0
pntg,2022.0
ppbi,2022.0
ppih,2022.0
ppc,2022.0
praa,2022.0
ppsi,2022.0
prax,2022.0
prct,2022.0
prch,2022.0
pre,2022.0
prdo,2022.0
sisi,2022.0
sitm,2022.0
siri,2022.0
sj,2022.0
pow,2022.0
powl,2022.0
upwk,2022.0
usak,2022.0
usau,2022.0
usap,2022.0
useg,2022.0
usio,2022.0
uthr,2022.0
urgn,2022.0
urbn,2022.0
utme,2022.0
utrs,2022.0
utsi,2022.0
uxin,2022.0
uvsp,2022.0
cmcm,2022.0
cmc,2022.0
uslm,2022.0
utmd,2022.0
cmp,2022.0
cnd,2022.0
cnf,2022.0
cnmd,2022.0
cnk,2022.0
cnne,2022.0
cno,2022.0
cna,2022.0
cmre,2022.0
gva,2022.0
fn,2022.0
h,2022.0
hasi,2022.0
hayw,2022.0
hbb,2022.0
hcc,2022.0
hci,2022.0
he,2022.0
gwre,2022.0
hae,2022.0
hep,2022.0
hgv,2022.0
hi,2022.0
hhc,2022.0
hubs,2022.0
hesm,2022.0
hei,2022.0
ENPH,
EMN,
DPZ,
DAY,
DVA,
DRI,
ZTS,
ZBH,
ZBRA,
YUM,
XYL,
XEL,
WYNN,
WTW,
WMB,
WY,
WRK,
WDC,
WST,
WELL,
WFC,
WEC,
WAT,
WM,
WBD,
WMT,
WBA,
WAB,
GWW,
WRB,
VMC,
VST,
V,
VICI,
VTRS,
VRTX,
VZ,
VRSK,
VRSN,
VLTO,
VTR,
VLO,
UHS,
UNH,
URI,
UPS,
UAL,
UNP,
ULTA,
UDR,
UBER,
USB,
TSN,
TYL,
TFC,
TRMB,
TDG,
TT,
TSCO,
TJX,
TMO,
DIS,
TRV,
SO,
SHW,
MOS,
KR,
KHC,
SJM,
IPG,
HSY,
HIG,
EL,
COO,
CI,
SCHW,
ALL,
TXT,
TXN,
TER,
TFX,
TDY,
TEL,
TGT,
TRGP,
TPR,
TTWO,
TMUS,
TROW,
SYY,
SNPS,
SYF,
SMCI,
SYK,
STE,
STLD,
STT,
SBUX,
SWK,
LUV,
SOLV,
SNA,
SWKS,
SPG,
NOW,
SRE,
STX,
SLB,
SBAC,
CRM,
SPGI,
RTX,
RCL,
ROST,
ROP,
ROL,
ROK,
RHI,
RVTY,
RMD,
RSG,
RF,
REGN,
REG,
O,
RJF,
RL,
DGX,
PWR,
QCOM,
QRVO,
PHM,
PSA,
PEG,
PTC,
PRU,
PLD,
PGR,
PG,
PFG,
PPL,
PPG,
POOL,
PNC,
PNW,
PSX,
PM,
PCG,
PFE,
PEP,
PNR,
PYPL,
PAYC,
PAYX,
PH,
PARA,
PANW,
PKG,
PCAR,
OTIS,
ORCL,
OKE,
ON,
OMC,
ODFL,
OXY,
ORLY,
NXPI,
NVR,
NVDA,
NUE,
NRG,
NCLH,
NOC,
NTRS,
NSC,
NDSN,
NI,
NKE,
NEE,
NWS,
NWSA,
NEM,
NFLX,
NTAP,
NDAQ,
MSCI,
MSI,
MS,
MCO,
MNST,
MPWR,
MDLZ,
TAP,
MOH,
MHK,
MRNA,
MAA,
MU,
MCHP,
MGM,
MTD,
MET,
META,
MRK,
MDT,
MCK,
MCD,
MKC,
MTCH,
MA,
MAS,
MLM,
MMC,
MAR,
MKTX,
MPC,
MRO,
MTB,
LYB,
LULU,
LOW,
L,
LMT,
LKQ,
LYV,
LIN,
LEN,
LDOS,
LVS,
LW,
LRCX,
LH,
LHX,
KLAC,
KMI,
KIM,
KMB,
KEYS,
KEY,
KDP,
KVUE,
K,
JNPR,
JPM,
JCI,
JNJ,
JBHT,
J,
JBL,
IRM,
IQV,
INVH,
IVZ,
ISRG,
INTU,
IP,
IFF,
IBM,
ICE,
INTC,
PODD,
IR,
INCY,
ILMN,
ITW,
IDXX,
IEX,
HII,
HBAN,
HUM,
HUBB,
HPQ,
HWM,
HST,
HRL,
HON,
HD,
HOLX,
HLT,
HPE,
HES,
HSIC,
JKHY,
DOC,
HCA,
HAS,
HAL,
GS,
GL,
GPN,
GILD,
GPC,
GM,
GIS,
GE,
GD,
GNRC,
GEN,
GEV,
GEHC,
IT,
GRMN,
FCX,
BEN,
FOX,
FOXA,
FTV,
FTNT,
F,
FMC,
FI,
FE,
FSLR,
FITB,
FIS,
FDX,
FRT,
FAST,
FICO,
FDS,
FFIV,
XOM,
EXR,
EXPD,
EXPE,
EXC,
ES,
EVRG,
EG,
ETSY,
ESS,
EQR,
EQIX,
EFX,
EQT,
EPAM,
EOG,
ETR,
EMR,
LLY,
ELV,
EA,
EW,
EIX,
ECL,
EBAY,
ETN,
DD,
DUK,
DTE,
DOW,
DOV,
D,
DLTR,
DG,
DFS,
DLR,
FANG,
DXCM,
DVN,
DAL,
DE,
DECK,
DHR,
DHI,
CVS,
CMI,
CSX,
CCI,
CTRA,
COST,
CSGP,
CTVA,
CPAY,
GLW,
CPRT,
CEG,
STZ,
ED,
COP,
CAG,
CMA,
CMCSA,
CL,
CTSH,
KO,
CMS,
CME,
CLX,
CFG,
C,
CSCO,
CTAS,
CINF,
CHD,
CB,
CMG,
CVX,
CHTR,
CRL,
CF,
CNP,
CNC,
COR,
CE,
CDW,
CBRE,
CBOE,
CAT,
CTLT,
CARR,
CCL,
KMX,
CAH,
COF,
CPB,
CPT,
CZR,
CDNS,
CHRW,
BG,
BLDR,
BF.B,
BRO,
BR,
AVGO,
BMY,
BSX,
BXP,
BWA,
BKNG,
BA,
BX,
BLK,
BIIB,
TECH,
BIO,
BBY,
BRK-B,
BDX,
BAX,
BBWI,
BK,
BAC,
BALL,
BKR,
AXON,
AVY,
AVB,
AZO,
ADP,
ADSK,
ATO,
T,
AIZ,
AJG,
ANET,
ADM,
ACGL,
APTV,
AMAT,
APA,
AON,
ANSS,
ADI,
APH,
AMGN,
AME,
AMP,
AWK,
AMT,
AIG,
AXP,
AEP,
AAL,
AEE,
AMCR,
AMZN,
MO,
GOOG,
GOOGL,
LNT,
ALLE,
ALGN,
ARE,
ALB,
AKAM,
ABNB,
APD,
A,
AFL,
AES,
AMD,
ADBE,
ACN,
ABBV,
ABT,
AOS,
MMM,
